"variable","x","ale","bin_lower","bin_upper","n_in_bin"
"age",24,-0.736476842273056,NA,NA,NA
"age",49,-0.61863035844024,24,49,66
"age",55,-0.500783874607424,49,55,63
"age",58,-0.441860632691016,55,58,57
"age",61,-0.382937390774608,58,61,66
"age",63.25,-0.338744959337302,61,63.25,83
"age",66,-0.284731987580594,63.25,66,62
"age",67,-0.265090906941792,66,67,42
"age",69,-0.225808745664186,67,69,73
"age",71,-0.186526584386581,69,71,76
"age",72,-0.166885503747778,71,72,43
"age",74,0.0781254974990795,72,74,99
"age",75,0.097766578137882,74,75,60
"age",76,0.184212011216151,75,76,43
"age",78,0.223494172493756,76,78,87
"age",79,0.284002418074579,78,79,59
"age",81,0.359332231995855,79,81,83
"age",83,0.39861439327346,81,83,65
"age",85,0.437896554551065,83,85,62
"age",88,0.496819796467474,85,88,74
"age",96,0.536101957745079,88,96,75
"hgb",5.7,0.103787488797408,NA,NA,NA
"hgb",9.685,0.103787488797408,5.7,9.685,67
"hgb",10.6,0.103787488797408,9.685,10.6,62
"hgb",11.3,0.0730707606997328,10.6,11.3,64
"hgb",11.7,0.0730707606997328,11.3,11.7,58
"hgb",12.2,0.0127996110942594,11.7,12.2,72
"hgb",12.5,0.0127996110942594,12.2,12.5,66
"hgb",12.8,-0.0253630823932991,12.5,12.8,70
"hgb",13,-0.0253630823932991,12.8,13,55
"hgb",13.3,-0.0253630823932991,13,13.3,77
"hgb",13.5,-0.0253630823932991,13.3,13.5,58
"hgb",13.7,-0.0253630823932991,13.5,13.7,67
"hgb",14,-0.0253630823932991,13.7,14,79
"hgb",14.2,-0.0253630823932991,14,14.2,50
"hgb",14.4,-0.0253630823932991,14.2,14.4,62
"hgb",14.7,-0.0253630823932991,14.4,14.7,79
"hgb",15,-0.0253630823932991,14.7,15,68
"hgb",15.4,-0.0253630823932991,15,15.4,81
"hgb",15.7,-0.0253630823932991,15.4,15.7,60
"hgb",16.2,-0.0253630823932991,15.7,16.2,66
"hgb",18.9,-0.0253630823932991,16.2,18.9,77
"creat",0.4,-0.0262512088494717,NA,NA,NA
"creat",0.7,-0.0262512088494717,0.4,0.7,17
"creat",0.8,-0.0262512088494717,0.7,0.8,60
"creat",0.9,-0.0262512088494717,0.8,0.9,126
"creat",1,-0.0262512088494717,0.9,1,180
"creat",1.1,-0.0262512088494717,1,1.1,207
"creat",1.2,-0.0262512088494717,1.1,1.2,193
"creat",1.3,0.0272752598753179,1.2,1.3,161
"creat",1.4,0.0272752598753179,1.3,1.4,110
"creat",1.5,0.0272752598753179,1.4,1.5,78
"creat",1.6,0.0281451410494475,1.5,1.6,46
"creat",2.2,0.0608809646523488,1.6,2.2,89
"creat",22,0.0608809646523488,2.2,22,71
