"variable","method","x","ale","interval_lower","interval_upper","n_in_interval"
"age","BRP-GABLE",24,-1.93621106248443,NA,NA,NA
"age","BRP-GABLE",49,-1.62639050523819,24,49,66
"age","BRP-GABLE",55,-1.31656994799195,49,55,63
"age","BRP-GABLE",58,-1.16165966936882,55,58,57
"age","BRP-GABLE",61,-1.0067493907457,58,61,66
"age","BRP-GABLE",63.25,-0.890566681778362,61,63.25,83
"age","BRP-GABLE",66,-0.748565593040502,63.25,66,62
"age","BRP-GABLE",67,-0.696928833499461,66,67,42
"age","BRP-GABLE",69,-0.59365531441738,67,69,73
"age","BRP-GABLE",71,-0.4903817953353,69,71,76
"age","BRP-GABLE",72,-0.43874503579426,71,72,43
"age","BRP-GABLE",74,0.205393359080982,72,74,99
"age","BRP-GABLE",75,0.257030118622022,74,75,60
"age","BRP-GABLE",76,0.484296740218448,75,76,43
"age","BRP-GABLE",78,0.587570259300529,76,78,87
"age","BRP-GABLE",79,0.746647541491131,78,79,59
"age","BRP-GABLE",81,0.944690997411758,79,81,83
"age","BRP-GABLE",83,1.04796451649384,81,83,65
"age","BRP-GABLE",85,1.15123803557592,83,85,62
"age","BRP-GABLE",88,1.30614831419904,85,88,74
"age","BRP-GABLE",96,1.40942183328112,88,96,75
"age","RuleFit",24,-1.28401520396491,NA,NA,NA
"age","RuleFit",49,-1.21523786617138,24,49,66
"age","RuleFit",55,-1.07677571736743,49,55,63
"age","RuleFit",58,-1.04238704847067,55,58,57
"age","RuleFit",61,-1.0079983795739,58,61,66
"age","RuleFit",63.25,-0.833971010804715,61,63.25,83
"age","RuleFit",66,-0.802448064316013,63.25,66,62
"age","RuleFit",67,-0.790985174683758,66,67,42
"age","RuleFit",69,-0.586371954444674,67,69,73
"age","RuleFit",71,-0.230518118987356,69,71,76
"age","RuleFit",72,-0.192874727050448,71,72,43
"age","RuleFit",74,0.118241747982043,72,74,99
"age","RuleFit",75,0.129704637614299,74,75,60
"age","RuleFit",76,0.3915130408895,75,76,43
"age","RuleFit",78,0.718886544867131,76,78,87
"age","RuleFit",79,0.77944419662895,78,79,59
"age","RuleFit",81,0.802369975893461,79,81,83
"age","RuleFit",83,0.825295755157972,81,83,65
"age","RuleFit",85,1.03094187276754,83,85,62
"age","RuleFit",88,1.10110770246449,85,88,74
"age","RuleFit",96,1.124033481729,88,96,75
"age","GBM",24,-1.84969231447107,NA,NA,NA
"age","GBM",49,-1.76112423640845,24,49,66
"age","GBM",55,-0.922058501118412,49,55,63
"age","GBM",58,-0.816768641472119,55,58,57
"age","GBM",61,-0.816768641472119,58,61,66
"age","GBM",63.25,-0.734307877923575,61,63.25,83
"age","GBM",66,-0.734307877923575,63.25,66,62
"age","GBM",67,-0.625207951448985,66,67,42
"age","GBM",69,-0.492188956695851,67,69,73
"age","GBM",71,-0.126862848441128,69,71,76
"age","GBM",72,0.0998033259927826,71,72,43
"age","GBM",74,0.0998033259927826,72,74,99
"age","GBM",75,0.269391916072051,74,75,60
"age","GBM",76,0.401652938781923,75,76,43
"age","GBM",78,0.626146656270021,76,78,87
"age","GBM",79,0.701720152544706,78,79,59
"age","GBM",81,0.701720152544706,79,81,83
"age","GBM",83,0.759909490294083,81,83,65
"age","GBM",85,0.825807869526937,83,85,62
"age","GBM",88,0.877686416050656,85,88,74
"age","GBM",96,1.14429987609722,88,96,75
"age","RF",24,-1.24812917919249,NA,NA,NA
"age","RF",49,-1.14090483514222,24,49,66
"age","RF",55,-0.965870703426907,49,55,63
"age","RF",58,-0.770241417791538,55,58,57
"age","RF",61,-0.875837555183714,58,61,66
"age","RF",63.25,-0.769492749497794,61,63.25,83
"age","RF",66,-0.785565489178947,63.25,66,62
"age","RF",67,-0.742289221887764,66,67,42
"age","RF",69,-0.535428638925308,67,69,73
"age","RF",71,-0.376155058048596,69,71,76
"age","RF",72,-0.207353216862755,71,72,43
"age","RF",74,-0.0313044571059353,72,74,99
"age","RF",75,0.0249333516445192,74,75,60
"age","RF",76,0.252632340517579,75,76,43
"age","RF",78,0.592752802870168,76,78,87
"age","RF",79,0.710342432780277,78,79,59
"age","RF",81,0.748219058489954,79,81,83
"age","RF",83,0.777028428434335,81,83,65
"age","RF",85,0.88749491408751,83,85,62
"age","RF",88,1.13262123730619,85,88,74
"age","RF",96,1.386807310912,88,96,75
"dxyr","BRP-GABLE",1960,0,NA,NA,NA
"dxyr","BRP-GABLE",1972,0,1960,1972,43
"dxyr","BRP-GABLE",1975,0,1972,1975,86
"dxyr","BRP-GABLE",1977,0,1975,1977,71
"dxyr","BRP-GABLE",1978.4,0,1977,1978.4,68
"dxyr","BRP-GABLE",1980,0,1978.4,1980,47
"dxyr","BRP-GABLE",1981,0,1980,1981,58
"dxyr","BRP-GABLE",1982,0,1981,1982,87
"dxyr","BRP-GABLE",1983,0,1982,1983,92
"dxyr","BRP-GABLE",1984,0,1983,1984,81
"dxyr","BRP-GABLE",1985,0,1984,1985,95
"dxyr","BRP-GABLE",1986,0,1985,1986,92
"dxyr","BRP-GABLE",1987,0,1986,1987,78
"dxyr","BRP-GABLE",1988,0,1987,1988,63
"dxyr","BRP-GABLE",1990,0,1988,1990,99
"dxyr","BRP-GABLE",1991,0,1990,1991,60
"dxyr","BRP-GABLE",1992,0,1991,1992,66
"dxyr","BRP-GABLE",1993,0,1992,1993,62
"dxyr","BRP-GABLE",1994,0,1993,1994,90
"dxyr","RuleFit",1960,-0.00932791966796474,NA,NA,NA
"dxyr","RuleFit",1972,-0.00932791966796474,1960,1972,43
"dxyr","RuleFit",1975,-0.00932791966796474,1972,1975,86
"dxyr","RuleFit",1977,-0.00932791966796474,1975,1977,71
"dxyr","RuleFit",1978.4,-0.00932791966796474,1977,1978.4,68
"dxyr","RuleFit",1980,-0.00932791966796474,1978.4,1980,47
"dxyr","RuleFit",1981,-0.00932791966796474,1980,1981,58
"dxyr","RuleFit",1982,-0.00932791966796474,1981,1982,87
"dxyr","RuleFit",1983,-0.00932791966796474,1982,1983,92
"dxyr","RuleFit",1984,-0.00932791966796474,1983,1984,81
"dxyr","RuleFit",1985,-0.00932791966796474,1984,1985,95
"dxyr","RuleFit",1986,-0.00932791966796474,1985,1986,92
"dxyr","RuleFit",1987,-0.00932791966796474,1986,1987,78
"dxyr","RuleFit",1988,-0.00932791966796474,1987,1988,63
"dxyr","RuleFit",1990,-0.00932791966796474,1988,1990,99
"dxyr","RuleFit",1991,-0.00932791966796474,1990,1991,60
"dxyr","RuleFit",1992,0.0479232570097271,1991,1992,66
"dxyr","RuleFit",1993,0.0479232570097271,1992,1993,62
"dxyr","RuleFit",1994,0.0479232570097271,1993,1994,90
"dxyr","GBM",1960,0.0164938443276654,NA,NA,NA
"dxyr","GBM",1972,0.0164938443276654,1960,1972,43
"dxyr","GBM",1975,0.0164938443276654,1972,1975,86
"dxyr","GBM",1977,0.0164938443276654,1975,1977,71
"dxyr","GBM",1978.4,0.0164938443276654,1977,1978.4,68
"dxyr","GBM",1980,0.0164938443276654,1978.4,1980,47
"dxyr","GBM",1981,0.0164938443276654,1980,1981,58
"dxyr","GBM",1982,0.0164938443276654,1981,1982,87
"dxyr","GBM",1983,-0.00864142185731898,1982,1983,92
"dxyr","GBM",1984,-0.00864142185731898,1983,1984,81
"dxyr","GBM",1985,-0.00864142185731898,1984,1985,95
"dxyr","GBM",1986,-0.00864142185731898,1985,1986,92
"dxyr","GBM",1987,-0.00864142185731898,1986,1987,78
"dxyr","GBM",1988,-0.00864142185731898,1987,1988,63
"dxyr","GBM",1990,-0.00864142185731898,1988,1990,99
"dxyr","GBM",1991,-0.00864142185731898,1990,1991,60
"dxyr","GBM",1992,-0.00864142185731898,1991,1992,66
"dxyr","GBM",1993,-0.00864142185731898,1992,1993,62
"dxyr","GBM",1994,-0.00864142185731898,1993,1994,90
"dxyr","RF",1960,0.0622023364792085,NA,NA,NA
"dxyr","RF",1972,0.0979717478222331,1960,1972,43
"dxyr","RF",1975,0.0827294961916924,1972,1975,86
"dxyr","RF",1977,0.0801220805635636,1975,1977,71
"dxyr","RF",1978.4,0.0622990024206582,1977,1978.4,68
"dxyr","RF",1980,0.046356508227655,1978.4,1980,47
"dxyr","RF",1981,0.0217587648743463,1980,1981,58
"dxyr","RF",1982,0.0196360405936598,1981,1982,87
"dxyr","RF",1983,0.00907394784559495,1982,1983,92
"dxyr","RF",1984,0.00921293397816451,1983,1984,81
"dxyr","RF",1985,0.0182506172352727,1984,1985,95
"dxyr","RF",1986,0.0129553197146615,1985,1986,92
"dxyr","RF",1987,0.00870967936389876,1986,1987,78
"dxyr","RF",1988,-0.024367566655468,1987,1988,63
"dxyr","RF",1990,-0.0455124077088994,1988,1990,99
"dxyr","RF",1991,-0.0796720204845006,1990,1991,60
"dxyr","RF",1992,-0.087837775827357,1991,1992,66
"dxyr","RF",1993,-0.0843555380519732,1992,1993,62
"dxyr","RF",1994,-0.108213139273957,1993,1994,90
"hgb","BRP-GABLE",5.7,0.27285920265571,NA,NA,NA
"hgb","BRP-GABLE",9.685,0.27285920265571,5.7,9.685,67
"hgb","BRP-GABLE",10.6,0.27285920265571,9.685,10.6,62
"hgb","BRP-GABLE",11.3,0.1921043637629,10.6,11.3,64
"hgb","BRP-GABLE",11.7,0.1921043637629,11.3,11.7,58
"hgb","BRP-GABLE",12.2,0.0336504112196034,11.7,12.2,72
"hgb","BRP-GABLE",12.5,0.0336504112196034,12.2,12.5,66
"hgb","BRP-GABLE",12.8,-0.0666800066069185,12.5,12.8,70
"hgb","BRP-GABLE",13,-0.0666800066069185,12.8,13,55
"hgb","BRP-GABLE",13.3,-0.0666800066069185,13,13.3,77
"hgb","BRP-GABLE",13.5,-0.0666800066069185,13.3,13.5,58
"hgb","BRP-GABLE",13.7,-0.0666800066069185,13.5,13.7,67
"hgb","BRP-GABLE",14,-0.0666800066069185,13.7,14,79
"hgb","BRP-GABLE",14.2,-0.0666800066069185,14,14.2,50
"hgb","BRP-GABLE",14.4,-0.0666800066069185,14.2,14.4,62
"hgb","BRP-GABLE",14.7,-0.0666800066069185,14.4,14.7,79
"hgb","BRP-GABLE",15,-0.0666800066069185,14.7,15,68
"hgb","BRP-GABLE",15.4,-0.0666800066069185,15,15.4,81
"hgb","BRP-GABLE",15.7,-0.0666800066069185,15.4,15.7,60
"hgb","BRP-GABLE",16.2,-0.0666800066069185,15.7,16.2,66
"hgb","BRP-GABLE",18.9,-0.0666800066069185,16.2,18.9,77
"hgb","RuleFit",5.7,0.699611730897199,NA,NA,NA
"hgb","RuleFit",9.685,0.699611730897199,5.7,9.685,67
"hgb","RuleFit",10.6,0.506675187415869,9.685,10.6,62
"hgb","RuleFit",11.3,0.483167284835638,10.6,11.3,64
"hgb","RuleFit",11.7,0.483167284835638,11.3,11.7,58
"hgb","RuleFit",12.2,0.00562447024421631,11.7,12.2,72
"hgb","RuleFit",12.5,0.00562447024421631,12.2,12.5,66
"hgb","RuleFit",12.8,0.00562447024421631,12.5,12.8,70
"hgb","RuleFit",13,-0.109363854990454,12.8,13,55
"hgb","RuleFit",13.3,-0.160666424910396,13,13.3,77
"hgb","RuleFit",13.5,-0.160666424910396,13.3,13.5,58
"hgb","RuleFit",13.7,-0.160666424910396,13.5,13.7,67
"hgb","RuleFit",14,-0.160666424910396,13.7,14,79
"hgb","RuleFit",14.2,-0.160666424910396,14,14.2,50
"hgb","RuleFit",14.4,-0.160666424910396,14.2,14.4,62
"hgb","RuleFit",14.7,-0.160666424910396,14.4,14.7,79
"hgb","RuleFit",15,-0.160666424910396,14.7,15,68
"hgb","RuleFit",15.4,-0.160666424910396,15,15.4,81
"hgb","RuleFit",15.7,-0.160666424910396,15.4,15.7,60
"hgb","RuleFit",16.2,-0.160666424910396,15.7,16.2,66
"hgb","RuleFit",18.9,-0.160666424910396,16.2,18.9,77
"hgb","GBM",5.7,0.96916116483359,NA,NA,NA
"hgb","GBM",9.685,0.679165359596691,5.7,9.685,67
"hgb","GBM",10.6,0.449988489633528,9.685,10.6,62
"hgb","GBM",11.3,0.449988489633528,10.6,11.3,64
"hgb","GBM",11.7,0.507753107517798,11.3,11.7,58
"hgb","GBM",12.2,0.0252379902634496,11.7,12.2,72
"hgb","GBM",12.5,0.0252379902634496,12.2,12.5,66
"hgb","GBM",12.8,0.0252379902634496,12.5,12.8,70
"hgb","GBM",13,-0.111561020105075,12.8,13,55
"hgb","GBM",13.3,-0.139439179711292,13,13.3,77
"hgb","GBM",13.5,-0.17477134418658,13.3,13.5,58
"hgb","GBM",13.7,-0.17477134418658,13.5,13.7,67
"hgb","GBM",14,-0.17477134418658,13.7,14,79
"hgb","GBM",14.2,-0.17477134418658,14,14.2,50
"hgb","GBM",14.4,-0.208717280244518,14.2,14.4,62
"hgb","GBM",14.7,-0.208717280244518,14.4,14.7,79
"hgb","GBM",15,-0.245481272037248,14.7,15,68
"hgb","GBM",15.4,-0.245481272037248,15,15.4,81
"hgb","GBM",15.7,-0.245481272037248,15.4,15.7,60
"hgb","GBM",16.2,-0.245481272037248,15.7,16.2,66
"hgb","GBM",18.9,0.276613892130227,16.2,18.9,77
"hgb","RF",5.7,0.518793504318308,NA,NA,NA
"hgb","RF",9.685,0.543228921160699,5.7,9.685,67
"hgb","RF",10.6,0.468595473318717,9.685,10.6,62
"hgb","RF",11.3,0.446236570499263,10.6,11.3,64
"hgb","RF",11.7,0.437279991788507,11.3,11.7,58
"hgb","RF",12.2,0.053963725301635,11.7,12.2,72
"hgb","RF",12.5,0.045584349632199,12.2,12.5,66
"hgb","RF",12.8,-0.0332302473436155,12.5,12.8,70
"hgb","RF",13,-0.100044998972886,12.8,13,55
"hgb","RF",13.3,-0.153861304485192,13,13.3,77
"hgb","RF",13.5,-0.161078919366785,13.3,13.5,58
"hgb","RF",13.7,-0.161657453598614,13.5,13.7,67
"hgb","RF",14,-0.162093170757487,13.7,14,79
"hgb","RF",14.2,-0.175535855279535,14,14.2,50
"hgb","RF",14.4,-0.187324668876813,14.2,14.4,62
"hgb","RF",14.7,-0.189620409608314,14.4,14.7,79
"hgb","RF",15,-0.219993579367203,14.7,15,68
"hgb","RF",15.4,-0.2157652131218,15,15.4,81
"hgb","RF",15.7,-0.19265838694769,15.4,15.7,60
"hgb","RF",16.2,-0.127002282838013,15.7,16.2,66
"hgb","RF",18.9,0.183629112310247,16.2,18.9,77
"creat","BRP-GABLE",0.4,-0.0690149072726598,NA,NA,NA
"creat","BRP-GABLE",0.7,-0.0690149072726598,0.4,0.7,17
"creat","BRP-GABLE",0.8,-0.0690149072726598,0.7,0.8,60
"creat","BRP-GABLE",0.9,-0.0690149072726598,0.8,0.9,126
"creat","BRP-GABLE",1,-0.0690149072726598,0.9,1,180
"creat","BRP-GABLE",1.1,-0.0690149072726598,1,1.1,207
"creat","BRP-GABLE",1.2,-0.0690149072726598,1.1,1.2,193
"creat","BRP-GABLE",1.3,0.0717071561133324,1.2,1.3,161
"creat","BRP-GABLE",1.4,0.0717071561133324,1.3,1.4,110
"creat","BRP-GABLE",1.5,0.0717071561133324,1.4,1.5,78
"creat","BRP-GABLE",1.6,0.073994089599521,1.5,1.6,46
"creat","BRP-GABLE",2.2,0.16005716743351,1.6,2.2,89
"creat","BRP-GABLE",22,0.16005716743351,2.2,22,71
"creat","RuleFit",0.4,-0.146163370264243,NA,NA,NA
"creat","RuleFit",0.7,-0.146163370264243,0.4,0.7,17
"creat","RuleFit",0.8,-0.146163370264243,0.7,0.8,60
"creat","RuleFit",0.9,-0.146163370264243,0.8,0.9,126
"creat","RuleFit",1,-0.146163370264243,0.9,1,180
"creat","RuleFit",1.1,-0.146163370264243,1,1.1,207
"creat","RuleFit",1.2,-0.146163370264243,1.1,1.2,193
"creat","RuleFit",1.3,-0.0247995451711715,1.2,1.3,161
"creat","RuleFit",1.4,0.0928155324237586,1.3,1.4,110
"creat","RuleFit",1.5,0.0928155324237586,1.4,1.5,78
"creat","RuleFit",1.6,0.205735349273308,1.5,1.6,46
"creat","RuleFit",2.2,0.559679903607806,1.6,2.2,89
"creat","RuleFit",22,0.58752095924123,2.2,22,71
"creat","GBM",0.4,-0.171064653532857,NA,NA,NA
"creat","GBM",0.7,-0.171064653532857,0.4,0.7,17
"creat","GBM",0.8,-0.171064653532857,0.7,0.8,60
"creat","GBM",0.9,-0.171064653532857,0.8,0.9,126
"creat","GBM",1,-0.171064653532857,0.9,1,180
"creat","GBM",1.1,-0.171064653532857,1,1.1,207
"creat","GBM",1.2,-0.0960974809628514,1.1,1.2,193
"creat","GBM",1.3,-0.0679978265788414,1.2,1.3,161
"creat","GBM",1.4,-0.00844787114733334,1.3,1.4,110
"creat","GBM",1.5,0.118739300936752,1.4,1.5,78
"creat","GBM",1.6,0.220652218543287,1.5,1.6,46
"creat","GBM",2.2,0.622677401242395,1.6,2.2,89
"creat","GBM",22,0.796083367309647,2.2,22,71
"creat","RF",0.4,-0.144180805107096,NA,NA,NA
"creat","RF",0.7,-0.120916670230761,0.4,0.7,17
"creat","RF",0.8,-0.135143950019026,0.7,0.8,60
"creat","RF",0.9,-0.138355196532777,0.8,0.9,126
"creat","RF",1,-0.171238302852296,0.9,1,180
"creat","RF",1.1,-0.140309913440019,1,1.1,207
"creat","RF",1.2,-0.109983609604999,1.1,1.2,193
"creat","RF",1.3,-0.0241051633737028,1.2,1.3,161
"creat","RF",1.4,0.046875237020566,1.3,1.4,110
"creat","RF",1.5,0.0702855057236094,1.4,1.5,78
"creat","RF",1.6,0.158844044342164,1.5,1.6,46
"creat","RF",2.2,0.568172674690517,1.6,2.2,89
"creat","RF",22,0.620550001474975,2.2,22,71
"mspike","BRP-GABLE",0,0,NA,NA,NA
"mspike","BRP-GABLE",0.5,0,0,0.5,56
"mspike","BRP-GABLE",0.6,0,0.5,0.6,261
"mspike","BRP-GABLE",0.8,0,0.6,0.8,64
"mspike","BRP-GABLE",0.9,0,0.8,0.9,53
"mspike","BRP-GABLE",1,0,0.9,1,66
"mspike","BRP-GABLE",1.1,0,1,1.1,78
"mspike","BRP-GABLE",1.2,0,1.1,1.2,61
"mspike","BRP-GABLE",1.3,0,1.2,1.3,91
"mspike","BRP-GABLE",1.4,0,1.3,1.4,108
"mspike","BRP-GABLE",1.5,0,1.4,1.5,95
"mspike","BRP-GABLE",1.6,0,1.5,1.6,86
"mspike","BRP-GABLE",1.7,0,1.6,1.7,71
"mspike","BRP-GABLE",1.9,0,1.7,1.9,103
"mspike","BRP-GABLE",2.1,0,1.9,2.1,58
"mspike","BRP-GABLE",3,0,2.1,3,87
"mspike","RuleFit",0,0,NA,NA,NA
"mspike","RuleFit",0.5,0,0,0.5,56
"mspike","RuleFit",0.6,0,0.5,0.6,261
"mspike","RuleFit",0.8,0,0.6,0.8,64
"mspike","RuleFit",0.9,0,0.8,0.9,53
"mspike","RuleFit",1,0,0.9,1,66
"mspike","RuleFit",1.1,0,1,1.1,78
"mspike","RuleFit",1.2,0,1.1,1.2,61
"mspike","RuleFit",1.3,0,1.2,1.3,91
"mspike","RuleFit",1.4,0,1.3,1.4,108
"mspike","RuleFit",1.5,0,1.4,1.5,95
"mspike","RuleFit",1.6,0,1.5,1.6,86
"mspike","RuleFit",1.7,0,1.6,1.7,71
"mspike","RuleFit",1.9,0,1.7,1.9,103
"mspike","RuleFit",2.1,0,1.9,2.1,58
"mspike","RuleFit",3,0,2.1,3,87
"mspike","GBM",0,0.489375117793444,NA,NA,NA
"mspike","GBM",0.5,-0.0336507637255695,0,0.5,56
"mspike","GBM",0.6,-0.0336507637255695,0.5,0.6,261
"mspike","GBM",0.8,-0.00722908906011888,0.6,0.8,64
"mspike","GBM",0.9,-0.00722908906011888,0.8,0.9,53
"mspike","GBM",1,-0.00722908906011888,0.9,1,66
"mspike","GBM",1.1,-0.00722908906011888,1,1.1,78
"mspike","GBM",1.2,-0.00722908906011888,1.1,1.2,61
"mspike","GBM",1.3,-0.00722908906011888,1.2,1.3,91
"mspike","GBM",1.4,-0.00722908906011888,1.3,1.4,108
"mspike","GBM",1.5,-0.00722908906011888,1.4,1.5,95
"mspike","GBM",1.6,-0.0066995059540606,1.5,1.6,86
"mspike","GBM",1.7,-0.0066995059540606,1.6,1.7,71
"mspike","GBM",1.9,-0.0066995059540606,1.7,1.9,103
"mspike","GBM",2.1,0.0478019610881316,1.9,2.1,58
"mspike","GBM",3,0.161951365137734,2.1,3,87
"mspike","RF",0,0.156647570647134,NA,NA,NA
"mspike","RF",0.5,-0.0718794144102652,0,0.5,56
"mspike","RF",0.6,-0.0812223015006309,0.5,0.6,261
"mspike","RF",0.8,-0.0253896674983481,0.6,0.8,64
"mspike","RF",0.9,-0.0375825194391533,0.8,0.9,53
"mspike","RF",1,-0.0257215087222539,0.9,1,66
"mspike","RF",1.1,-0.0203678652099495,1,1.1,78
"mspike","RF",1.2,-0.0102352589610278,1.1,1.2,61
"mspike","RF",1.3,-0.00662860475695945,1.2,1.3,91
"mspike","RF",1.4,0.0271030010684464,1.3,1.4,108
"mspike","RF",1.5,0.0315665735362546,1.4,1.5,95
"mspike","RF",1.6,0.0365687412108033,1.5,1.6,86
"mspike","RF",1.7,0.0480789376025485,1.6,1.7,71
"mspike","RF",1.9,0.0657913482993682,1.7,1.9,103
"mspike","RF",2.1,0.0767662987654615,1.9,2.1,58
"mspike","RF",3,0.110822160021628,2.1,3,87
