"feature_name","term","term_type","rule_key","variables","degree","support","count","count_bootstrap","generation_frequency","coefficient_standardized","scale_sd","coefficient_original","hazard_ratio","importance","selected","importance_relative","term_id","rule_id"
"rule__1:<=:72","age <= 72","rule","1:<=:72","age",1,0.505979073243647,36,36,0.72,0,0.499964249405042,0,1,0,FALSE,0,NA,NA
"rule__1:>:72","age > 72","rule","1:>:72","age",1,0.494020926756353,36,36,0.72,0,0.499964249405042,0,1,0,FALSE,0,NA,NA
"rule__1:<=:55","age <= 55","rule","1:<=:55","age",1,0.110612855007474,24,24,0.48,0,0.313652118300785,0,1,0,FALSE,0,NA,NA
"rule__1:>:55","age > 55","rule","1:>:55","age",1,0.889387144992526,24,24,0.48,0,0.313652118300785,0,1,0,FALSE,0,NA,NA
"rule__1:<=:78","age <= 78","rule","1:<=:78","age",1,0.73168908819133,15,15,0.3,0,0.443080315984664,0,1,0,FALSE,0,NA,NA
"rule__1:>:78","age > 78","rule","1:>:78","age",1,0.26831091180867,15,15,0.3,0,0.443080315984664,0,1,0,FALSE,0,NA,NA
"rule__5:<=:1.7","creat <= 1.7","rule","5:<=:1.7","creat",1,0.913303437967115,14,14,0.28,0,0.281389886393529,0,1,0,FALSE,0,NA,NA
"rule__5:>:1.7","creat > 1.7","rule","5:>:1.7","creat",1,0.0866965620328849,14,14,0.28,0,0.281389886393529,0,1,0,FALSE,0,NA,NA
"rule__2:eq:1","sex = 1","rule","2:eq:1","sex",1,0.544095665171898,13,13,0.26,0,0.498051776739174,0,1,0,FALSE,0,NA,NA
"rule__1:<=:73","age <= 73","rule","1:<=:73","age",1,0.54559043348281,11,11,0.22,0,0.497917174211585,0,1,0,FALSE,0,NA,NA
"rule__1:>:73","age > 73","rule","1:>:73","age",1,0.45440956651719,11,11,0.22,0,0.497917174211585,0,1,0,FALSE,0,NA,NA
"rule__4:<=:12.5","hgb <= 12.5","rule","4:<=:12.5","hgb",1,0.305680119581465,11,11,0.22,0,0.460694892606947,0,1,0,FALSE,0,NA,NA
"rule__4:<=:12.6","hgb <= 12.6","rule","4:<=:12.6","hgb",1,0.324364723467862,11,11,0.22,0,0.468136998791464,0,1,0,FALSE,0,NA,NA
"rule__4:>:12.5","hgb > 12.5","rule","4:>:12.5","hgb",1,0.694319880418535,11,11,0.22,0,0.460694892606947,0,1,0,FALSE,0,NA,NA
"rule__4:>:12.6","hgb > 12.6","rule","4:>:12.6","hgb",1,0.675635276532138,11,11,0.22,0,0.468136998791464,0,1,0,FALSE,0,NA,NA
"rule__5:<=:1.2","creat <= 1.2","rule","5:<=:1.2","creat",1,0.704783258594918,10,10,0.2,0,0.456140128687717,0,1,0,FALSE,0,NA,NA
"rule__5:<=:1.6000000000000001","creat <= 1.6","rule","5:<=:1.6000000000000001","creat",1,0.901345291479821,10,10,0.2,0,0.298197848763162,0,1,0,FALSE,0,NA,NA
"rule__5:>:1.2","creat > 1.2","rule","5:>:1.2","creat",1,0.295216741405082,10,10,0.2,0,0.456140128687717,0,1,0,FALSE,0,NA,NA
"rule__5:>:1.6000000000000001","creat > 1.6","rule","5:>:1.6000000000000001","creat",1,0.0986547085201794,10,10,0.2,0,0.298197848763162,0,1,0,FALSE,0,NA,NA
"rule__1:<=:66","age <= 66","rule","1:<=:66","age",1,0.328101644245142,6,6,0.12,0,0.469522049843004,0,1,0,FALSE,0,NA,NA
"rule__1:>:66","age > 66","rule","1:>:66","age",1,0.671898355754858,6,6,0.12,0,0.469522049843004,0,1,0,FALSE,0,NA,NA
"rule__4:<=:12.4","hgb <= 12.4","rule","4:<=:12.4","hgb",1,0.290732436472347,6,6,0.12,0,0.45410030483936,0,1,0,FALSE,0,NA,NA
"rule__4:>:12.4","hgb > 12.4","rule","4:>:12.4","hgb",1,0.709267563527653,6,6,0.12,0,0.45410030483936,0,1,0,FALSE,0,NA,NA
"rule__1:<=:72&4:<=:11.1","age <= 72 AND hgb <= 11.1","rule","1:<=:72&4:<=:11.1","age; hgb",2,0.0605381165919283,5,5,0.1,0,0.238481137684787,0,1,0,FALSE,0,NA,NA
"rule__1:<=:72&4:>:11.1","age <= 72 AND hgb > 11.1","rule","1:<=:72&4:>:11.1","age; hgb",2,0.445440956651719,5,5,0.1,-0.0293747589618566,0.497014396963428,-0.0591024307169477,0.942610211972159,0.0293747589618566,TRUE,13.0705311917674,"T4","R3"
"rule__1:<=:77","age <= 77","rule","1:<=:77","age",1,0.687593423019432,5,5,0.1,0,0.463474603014936,0,1,0,FALSE,0,NA,NA
"rule__1:>:77","age > 77","rule","1:>:77","age",1,0.312406576980568,5,5,0.1,0,0.463474603014936,0,1,0,FALSE,0,NA,NA
"rule__1:<=:53","age <= 53","rule","1:<=:53","age",1,0.0852017937219731,4,4,0.08,0,0.279181747377101,0,1,0,FALSE,0,NA,NA
"rule__1:<=:54","age <= 54","rule","1:<=:54","age",1,0.0964125560538117,4,4,0.08,0,0.295156187617645,0,1,0,FALSE,0,NA,NA
"rule__1:<=:78&5:<=:1.7","age <= 78 AND creat <= 1.7","rule","1:<=:78&5:<=:1.7","age; creat",2,0.672645739910314,4,4,0.08,-0.023571514177896,0.469247747454178,-0.0502325569079003,0.95100823524759,0.023571514177896,TRUE,10.4883315536117,"T6","R5"
"rule__1:>:53","age > 53","rule","1:>:53","age",1,0.914798206278027,4,4,0.08,0,0.279181747377101,0,1,0,FALSE,0,NA,NA
"rule__1:>:54","age > 54","rule","1:>:54","age",1,0.903587443946188,4,4,0.08,0,0.295156187617645,0,1,0,FALSE,0,NA,NA
"rule__1:>:78&5:<=:1.7","age > 78 AND creat <= 1.7","rule","1:>:78&5:<=:1.7","age; creat",2,0.240657698056801,4,4,0.08,0,0.42748283055908,0,1,0,FALSE,0,NA,NA
"rule__5:<=:1.3","creat <= 1.3","rule","5:<=:1.3","creat",1,0.787742899850523,4,4,0.08,0,0.408905885975748,0,1,0,FALSE,0,NA,NA
"rule__5:>:1.3","creat > 1.3","rule","5:>:1.3","creat",1,0.212257100149477,4,4,0.08,0,0.408905885975748,0,1,0,FALSE,0,NA,NA
"rule__1:<=:79&4:>:12.5","age <= 79 AND hgb > 12.5","rule","1:<=:79&4:>:12.5","age; hgb",2,0.55829596412556,3,3,0.06,0,0.496589952140266,0,1,0,FALSE,0,NA,NA
"rule__1:>:79&4:>:12.5","age > 79 AND hgb > 12.5","rule","1:>:79&4:>:12.5","age; hgb",2,0.136023916292975,3,3,0.06,0,0.342813959005896,0,1,0,FALSE,0,NA,NA
"rule__1:<=:49&5:<=:1.6000000000000001","age <= 49 AND creat <= 1.6","rule","1:<=:49&5:<=:1.6000000000000001","age; creat",2,0.054559043348281,2,2,0.04,0,0.227117489721072,0,1,0,FALSE,0,NA,NA
"rule__1:<=:49&5:<=:1.7","age <= 49 AND creat <= 1.7","rule","1:<=:49&5:<=:1.7","age; creat",2,0.054559043348281,2,2,0.04,0,0.227117489721072,0,1,0,FALSE,0,NA,NA
"rule__1:<=:72&4:<=:10.9","age <= 72 AND hgb <= 10.9","rule","1:<=:72&4:<=:10.9","age; hgb",2,0.0560538116591928,2,2,0.04,0,0.230025611308108,0,1,0,FALSE,0,NA,NA
"rule__1:<=:72&4:<=:11.300000000000001","age <= 72 AND hgb <= 11.3","rule","1:<=:72&4:<=:11.300000000000001","age; hgb",2,0.0650224215246637,2,2,0.04,0,0.24656541976468,0,1,0,FALSE,0,NA,NA
"rule__1:<=:72&4:>:10.9","age <= 72 AND hgb > 10.9","rule","1:<=:72&4:>:10.9","age; hgb",2,0.449925261584454,2,2,0.04,-0.0113470852642031,0.497486201389159,-0.0228088442101871,0.977449311011203,0.0113470852642031,TRUE,5.04897528092046,"T7","R6"
"rule__1:<=:72&4:>:11.300000000000001","age <= 72 AND hgb > 11.3","rule","1:<=:72&4:>:11.300000000000001","age; hgb",2,0.440956651718984,2,2,0.04,0,0.496501644532792,0,1,0,FALSE,0,NA,NA
"rule__1:<=:73&5:<=:1.5","age <= 73 AND creat <= 1.5","rule","1:<=:73&5:<=:1.5","age; creat",2,0.494020926756353,2,2,0.04,0,0.499964249405042,0,1,0,FALSE,0,NA,NA
"rule__1:<=:73&5:>:1.5","age <= 73 AND creat > 1.5","rule","1:<=:73&5:>:1.5","age; creat",2,0.0515695067264574,2,2,0.04,0,0.22115626308664,0,1,0,FALSE,0,NA,NA
"rule__1:>:49&5:<=:1.6000000000000001","age > 49 AND creat <= 1.6","rule","1:>:49&5:<=:1.6000000000000001","age; creat",2,0.84678624813154,2,2,0.04,0,0.360193417633985,0,1,0,FALSE,0,NA,NA
"rule__1:>:49&5:<=:1.7","age > 49 AND creat <= 1.7","rule","1:>:49&5:<=:1.7","age; creat",2,0.858744394618834,2,2,0.04,0,0.348285025991021,0,1,0,FALSE,0,NA,NA
"rule__1:>:55&4:<=:12.800000000000001","age > 55 AND hgb <= 12.8","rule","1:>:55&4:<=:12.800000000000001","age; hgb",2,0.336322869955157,2,2,0.04,0,0.4724508409351,0,1,0,FALSE,0,NA,NA
"rule__1:>:55&4:>:12.800000000000001","age > 55 AND hgb > 12.8","rule","1:>:55&4:>:12.800000000000001","age; hgb",2,0.553064275037369,2,2,0.04,0,0.497176208918688,0,1,0,FALSE,0,NA,NA
"rule__2:eq:1&5:<=:1.2","sex = 1 AND creat <= 1.2","rule","2:eq:1&5:<=:1.2","sex; creat",2,0.334828101644245,2,2,0.04,0,0.471930338072852,0,1,0,FALSE,0,NA,NA
"rule__2:eq:1&5:<=:1.6000000000000001","sex = 1 AND creat <= 1.6","rule","2:eq:1&5:<=:1.6000000000000001","sex; creat",2,0.479073243647235,2,2,0.04,0,0.49956187891847,0,1,0,FALSE,0,NA,NA
"rule__4:<=:12.5&5:<=:1.7","hgb <= 12.5 AND creat <= 1.7","rule","4:<=:12.5&5:<=:1.7","hgb; creat",2,0.250373692077728,2,2,0.04,0,0.433228238222181,0,1,0,FALSE,0,NA,NA
"rule__4:>:12.5&5:<=:1.7","hgb > 12.5 AND creat <= 1.7","rule","4:>:12.5&5:<=:1.7","hgb; creat",2,0.662929745889387,2,2,0.04,0,0.472709104951893,0,1,0,FALSE,0,NA,NA
"rule__1:<=:50&5:<=:1.2","age <= 50 AND creat <= 1.2","rule","1:<=:50&5:<=:1.2","age; creat",2,0.0515695067264574,1,1,0.02,0,0.22115626308664,0,1,0,FALSE,0,NA,NA
"rule__1:<=:50&5:<=:1.7","age <= 50 AND creat <= 1.7","rule","1:<=:50&5:<=:1.7","age; creat",2,0.0582959641255605,1,1,0.02,0,0.234302250719518,0,1,0,FALSE,0,NA,NA
"rule__1:<=:52","age <= 52","rule","1:<=:52","age",1,0.077727952167414,1,1,0.02,0,0.267743006667353,0,1,0,FALSE,0,NA,NA
"rule__1:<=:53&5:<=:1.3","age <= 53 AND creat <= 1.3","rule","1:<=:53&5:<=:1.3","age; creat",2,0.0792227204783259,1,1,0.02,0,0.270086062280783,0,1,0,FALSE,0,NA,NA
"rule__1:<=:54&5:<=:1.3","age <= 54 AND creat <= 1.3","rule","1:<=:54&5:<=:1.3","age; creat",2,0.0896860986547085,1,1,0.02,0,0.285731521472179,0,1,0,FALSE,0,NA,NA
"rule__1:<=:55&5:<=:1.3","age <= 55 AND creat <= 1.3","rule","1:<=:55&5:<=:1.3","age; creat",2,0.103139013452915,1,1,0.02,0,0.30414035798768,0,1,0,FALSE,0,NA,NA
"rule__1:<=:56","age <= 56","rule","1:<=:56","age",1,0.12406576980568,1,1,0.02,0,0.329656570643153,0,1,0,FALSE,0,NA,NA
"rule__1:<=:58&5:<=:1.2","age <= 58 AND creat <= 1.2","rule","1:<=:58&5:<=:1.2","age; creat",2,0.129297458893871,1,1,0.02,0,0.335528875087464,0,1,0,FALSE,0,NA,NA
"rule__1:<=:61&4:>:12.5","age <= 61 AND hgb > 12.5","rule","1:<=:61&4:>:12.5","age; hgb",2,0.15695067264574,1,1,0.02,0,0.363754256334946,0,1,0,FALSE,0,NA,NA
"rule__1:<=:61&4:>:12.6","age <= 61 AND hgb > 12.6","rule","1:<=:61&4:>:12.6","age; hgb",2,0.152466367713004,1,1,0.02,0,0.359472355584414,0,1,0,FALSE,0,NA,NA
"rule__1:<=:62&4:>:12.6","age <= 62 AND hgb > 12.6","rule","1:<=:62&4:>:12.6","age; hgb",2,0.168161434977578,1,1,0.02,0,0.374009581112383,0,1,0,FALSE,0,NA,NA
"rule__1:<=:64&5:<=:1.6000000000000001","age <= 64 AND creat <= 1.6","rule","1:<=:64&5:<=:1.6000000000000001","age; creat",2,0.260089686098655,1,1,0.02,0,0.438683304085941,0,1,0,FALSE,0,NA,NA
"rule__1:<=:64&5:<=:1.7","age <= 64 AND creat <= 1.7","rule","1:<=:64&5:<=:1.7","age; creat",2,0.261584454409567,1,1,0.02,0,0.439497471688764,0,1,0,FALSE,0,NA,NA
"rule__1:<=:65&5:<=:1.2","age <= 65 AND creat <= 1.2","rule","1:<=:65&5:<=:1.2","age; creat",2,0.239162929745889,1,1,0.02,0,0.42657241211927,0,1,0,FALSE,0,NA,NA
"rule__1:<=:72&4:<=:10.699999999999999","age <= 72 AND hgb <= 10.7","rule","1:<=:72&4:<=:10.699999999999999","age; hgb",2,0.0523168908819133,1,1,0.02,0,0.222665295478131,0,1,0,FALSE,0,NA,NA
"rule__1:<=:72&4:<=:10.800000000000001","age <= 72 AND hgb <= 10.8","rule","1:<=:72&4:<=:10.800000000000001","age; hgb",2,0.0530642750373692,1,1,0.02,0,0.224161677706355,0,1,0,FALSE,0,NA,NA
"rule__1:<=:72&4:<=:11.199999999999999","age <= 72 AND hgb <= 11.2","rule","1:<=:72&4:<=:11.199999999999999","age; hgb",2,0.062780269058296,1,1,0.02,0,0.242567324417911,0,1,0,FALSE,0,NA,NA
"rule__1:<=:72&4:>:10.699999999999999","age <= 72 AND hgb > 10.7","rule","1:<=:72&4:>:10.699999999999999","age; hgb",2,0.453662182361734,1,1,0.02,0,0.497848176311336,0,1,0,FALSE,0,NA,NA
"rule__1:<=:72&4:>:10.800000000000001","age <= 72 AND hgb > 10.8","rule","1:<=:72&4:>:10.800000000000001","age; hgb",2,0.452914798206278,1,1,0.02,0,0.497778046695557,0,1,0,FALSE,0,NA,NA
"rule__1:<=:72&4:>:11.199999999999999","age <= 72 AND hgb > 11.2","rule","1:<=:72&4:>:11.199999999999999","age; hgb",2,0.443198804185351,1,1,0.02,0,0.49676314693627,0,1,0,FALSE,0,NA,NA
"rule__1:<=:72&5:<=:1.5","age <= 72 AND creat <= 1.5","rule","1:<=:72&5:<=:1.5","age; creat",2,0.460388639760837,1,1,0.02,-0.00117319899892633,0.498428470434829,-0.00235379611823304,0.99764897188765,0.00117319899892633,TRUE,0.522024168080111,"T8","R7"
"rule__1:<=:72&5:>:1.5","age <= 72 AND creat > 1.5","rule","1:<=:72&5:>:1.5","age; creat",2,0.0455904334828102,1,1,0.02,0,0.208595172182051,0,1,0,FALSE,0,NA,NA
"rule__1:<=:73&4:<=:11.4","age <= 73 AND hgb <= 11.4","rule","1:<=:73&4:<=:11.4","age; hgb",2,0.0717488789237668,1,1,0.02,0,0.258071651478711,0,1,0,FALSE,0,NA,NA
"rule__1:<=:73&4:<=:11.5","age <= 73 AND hgb <= 11.5","rule","1:<=:73&4:<=:11.5","age; hgb",2,0.0769805680119581,1,1,0.02,0,0.266560612545279,0,1,0,FALSE,0,NA,NA
"rule__1:<=:73&4:<=:11.699999999999999","age <= 73 AND hgb <= 11.7","rule","1:<=:73&4:<=:11.699999999999999","age; hgb",2,0.0837070254110613,1,1,0.02,0,0.276947936096107,0,1,0,FALSE,0,NA,NA
"rule__1:<=:73&4:>:11.4","age <= 73 AND hgb > 11.4","rule","1:<=:73&4:>:11.4","age; hgb",2,0.473841554559043,1,1,0.02,0,0.499315266872657,0,1,0,FALSE,0,NA,NA
"rule__1:<=:73&4:>:11.5","age <= 73 AND hgb > 11.5","rule","1:<=:73&4:>:11.5","age; hgb",2,0.468609865470852,1,1,0.02,0,0.499013686640198,0,1,0,FALSE,0,NA,NA
"rule__1:<=:73&4:>:11.699999999999999","age <= 73 AND hgb > 11.7","rule","1:<=:73&4:>:11.699999999999999","age; hgb",2,0.461883408071749,1,1,0.02,-0.0772659791678576,0.498545008419275,-0.15498295612836,0.856429774238361,0.0772659791678576,TRUE,34.3801081767959,"T2","R1"
"rule__1:<=:73&5:<=:1.1000000000000001","age <= 73 AND creat <= 1.1","rule","1:<=:73&5:<=:1.1000000000000001","age; creat",2,0.348281016442451,1,1,0.02,0,0.476425597578745,0,1,0,FALSE,0,NA,NA
"rule__1:<=:73&5:<=:1.3999999999999999","age <= 73 AND creat <= 1.4","rule","1:<=:73&5:<=:1.3999999999999999","age; creat",2,0.479820627802691,1,1,0.02,0,0.499592626984949,0,1,0,FALSE,0,NA,NA
"rule__1:<=:73&5:>:1.1000000000000001","age <= 73 AND creat > 1.1","rule","1:<=:73&5:>:1.1000000000000001","age; creat",2,0.197309417040359,1,1,0.02,0,0.397967851701054,0,1,0,FALSE,0,NA,NA
"rule__1:<=:73&5:>:1.3999999999999999","age <= 73 AND creat > 1.4","rule","1:<=:73&5:>:1.3999999999999999","age; creat",2,0.0657698056801196,1,1,0.02,0,0.247879281790389,0,1,0,FALSE,0,NA,NA
"rule__1:<=:75&5:<=:1.2","age <= 75 AND creat <= 1.2","rule","1:<=:75&5:<=:1.2","age; creat",2,0.464125560538117,1,1,0.02,-0.0447684955705619,0.498711364010582,-0.0897683485905325,0.914142923242205,0.0447684955705619,TRUE,19.9200959750292,"T3","R2"
"rule__1:<=:79&4:>:12.6","age <= 79 AND hgb > 12.6","rule","1:<=:79&4:>:12.6","age; hgb",2,0.544843049327354,1,1,0.02,-0.0266062306663801,0.497985040866716,-0.0534277708825819,0.947974409886011,0.0266062306663801,TRUE,11.8386526429662,"T5","R4"
"rule__1:<=:85","age <= 85","rule","1:<=:85","age",1,0.911808669656203,1,1,0.02,0,0.283572952863964,0,1,0,FALSE,0,NA,NA
"rule__1:>:50&5:<=:1.2","age > 50 AND creat <= 1.2","rule","1:>:50&5:<=:1.2","age; creat",2,0.65321375186846,1,1,0.02,0,0.475946999400553,0,1,0,FALSE,0,NA,NA
"rule__1:>:50&5:<=:1.7","age > 50 AND creat <= 1.7","rule","1:>:50&5:<=:1.7","age; creat",2,0.855007473841555,1,1,0.02,0,0.352093302288808,0,1,0,FALSE,0,NA,NA
"rule__1:>:52","age > 52","rule","1:>:52","age",1,0.922272047832586,1,1,0.02,0,0.267743006667353,0,1,0,FALSE,0,NA,NA
"rule__1:>:52&4:<=:11.5","age > 52 AND hgb <= 11.5","rule","1:>:52&4:<=:11.5","age; hgb",2,0.168908819133034,1,1,0.02,0,0.374671362599436,0,1,0,FALSE,0,NA,NA
"rule__1:>:52&4:>:11.5","age > 52 AND hgb > 11.5","rule","1:>:52&4:>:11.5","age; hgb",2,0.753363228699552,1,1,0.02,0,0.431053447199925,0,1,0,FALSE,0,NA,NA
"rule__1:>:53&2:eq:1","age > 53 AND sex = 1","rule","1:>:53&2:eq:1","age; sex",2,0.495515695067265,1,1,0.02,0,0.499979890604882,0,1,0,FALSE,0,NA,NA
"rule__1:>:53&4:<=:13","age > 53 AND hgb <= 13","rule","1:>:53&4:<=:13","age; hgb",2,0.380418535127055,1,1,0.02,0,0.485489725183593,0,1,0,FALSE,0,NA,NA
"rule__1:>:53&4:>:13","age > 53 AND hgb > 13","rule","1:>:53&4:>:13","age; hgb",2,0.534379671150972,1,1,0.02,0,0.49881663786561,0,1,0,FALSE,0,NA,NA
"rule__1:>:53&5:<=:1.3","age > 53 AND creat <= 1.3","rule","1:>:53&5:<=:1.3","age; creat",2,0.708520179372197,1,1,0.02,0,0.454443984220923,0,1,0,FALSE,0,NA,NA
"rule__1:>:54&4:<=:12.800000000000001","age > 54 AND hgb <= 12.8","rule","1:>:54&4:<=:12.800000000000001","age; hgb",2,0.340059790732436,1,1,0.02,0,0.473728962023062,0,1,0,FALSE,0,NA,NA
"rule__1:>:54&4:<=:12.9","age > 54 AND hgb <= 12.9","rule","1:>:54&4:<=:12.9","age; hgb",2,0.354260089686099,1,1,0.02,0,0.478288488824157,0,1,0,FALSE,0,NA,NA
"rule__1:>:54&4:>:12.800000000000001","age > 54 AND hgb > 12.8","rule","1:>:54&4:>:12.800000000000001","age; hgb",2,0.563527653213752,1,1,0.02,0,0.495947817090824,0,1,0,FALSE,0,NA,NA
"rule__1:>:54&4:>:12.9","age > 54 AND hgb > 12.9","rule","1:>:54&4:>:12.9","age; hgb",2,0.54932735426009,1,1,0.02,0,0.497560862731083,0,1,0,FALSE,0,NA,NA
"rule__1:>:54&5:<=:1.3","age > 54 AND creat <= 1.3","rule","1:>:54&5:<=:1.3","age; creat",2,0.698056801195815,1,1,0.02,0,0.459100755281541,0,1,0,FALSE,0,NA,NA
"rule__1:>:55&2:eq:1","age > 55 AND sex = 1","rule","1:>:55&2:eq:1","age; sex",2,0.481315396113602,1,1,0.02,0,0.499650763611553,0,1,0,FALSE,0,NA,NA
"rule__1:>:55&4:<=:11.300000000000001","age > 55 AND hgb <= 11.3","rule","1:>:55&4:<=:11.300000000000001","age; hgb",2,0.137518684603886,1,1,0.02,0,0.344394099816915,0,1,0,FALSE,0,NA,NA
"rule__1:>:55&4:>:11.300000000000001","age > 55 AND hgb > 11.3","rule","1:>:55&4:>:11.300000000000001","age; hgb",2,0.75186846038864,1,1,0.02,0,0.431928557358108,0,1,0,FALSE,0,NA,NA
"rule__1:>:55&5:<=:1.3","age > 55 AND creat <= 1.3","rule","1:>:55&5:<=:1.3","age; creat",2,0.684603886397608,1,1,0.02,0,0.464673439231143,0,1,0,FALSE,0,NA,NA
"rule__1:>:55&5:<=:1.5","age > 55 AND creat <= 1.5","rule","1:>:55&5:<=:1.5","age; creat",2,0.774289985052317,1,1,0.02,0,0.418049045089209,0,1,0,FALSE,0,NA,NA
"rule__1:>:55&5:>:1.5","age > 55 AND creat > 1.5","rule","1:>:55&5:>:1.5","age; creat",2,0.115097159940209,1,1,0.02,0,0.319139160420509,0,1,0,FALSE,0,NA,NA
"rule__1:>:56","age > 56","rule","1:>:56","age",1,0.87593423019432,1,1,0.02,0,0.329656570643153,0,1,0,FALSE,0,NA,NA
"rule__1:>:58&5:<=:1.2","age > 58 AND creat <= 1.2","rule","1:>:58&5:<=:1.2","age; creat",2,0.575485799701046,1,1,0.02,0,0.494269050258555,0,1,0,FALSE,0,NA,NA
"rule__1:>:61&4:>:12.5","age > 61 AND hgb > 12.5","rule","1:>:61&4:>:12.5","age; hgb",2,0.537369207772795,1,1,0.02,0,0.498601586750818,0,1,0,FALSE,0,NA,NA
"rule__1:>:61&4:>:12.6","age > 61 AND hgb > 12.6","rule","1:>:61&4:>:12.6","age; hgb",2,0.523168908819133,1,1,0.02,0,0.499462913201902,0,1,0,FALSE,0,NA,NA
"rule__1:>:62&4:>:12.6","age > 62 AND hgb > 12.6","rule","1:>:62&4:>:12.6","age; hgb",2,0.507473841554559,1,1,0.02,0,0.499944138571918,0,1,0,FALSE,0,NA,NA
"rule__1:>:64&5:<=:1.6000000000000001","age > 64 AND creat <= 1.6","rule","1:>:64&5:<=:1.6000000000000001","age; creat",2,0.641255605381166,1,1,0.02,0,0.479631998461738,0,1,0,FALSE,0,NA,NA
"rule__1:>:64&5:<=:1.7","age > 64 AND creat <= 1.7","rule","1:>:64&5:<=:1.7","age; creat",2,0.651718983557549,1,1,0.02,0,0.476425597578745,0,1,0,FALSE,0,NA,NA
"rule__1:>:65&5:<=:1.2","age > 65 AND creat <= 1.2","rule","1:>:65&5:<=:1.2","age; creat",2,0.465620328849028,1,1,0.02,0,0.49881663786561,0,1,0,FALSE,0,NA,NA
"rule__1:>:75&5:<=:1.2","age > 75 AND creat <= 1.2","rule","1:>:75&5:<=:1.2","age; creat",2,0.240657698056801,1,1,0.02,0,0.42748283055908,0,1,0,FALSE,0,NA,NA
"rule__1:>:79&4:>:12.6","age > 79 AND hgb > 12.6","rule","1:>:79&4:>:12.6","age; hgb",2,0.130792227204783,1,1,0.02,0,0.33717298306299,0,1,0,FALSE,0,NA,NA
"rule__1:>:85","age > 85","rule","1:>:85","age",1,0.0881913303437967,1,1,0.02,0,0.283572952863964,0,1,0,FALSE,0,NA,NA
"rule__2:eq:1&5:<=:1.7","sex = 1 AND creat <= 1.7","rule","2:eq:1&5:<=:1.7","sex; creat",2,0.488041853512706,1,1,0.02,0,0.49985698227852,0,1,0,FALSE,0,NA,NA
"rule__5:<=:1","creat <= 1","rule","5:<=:1","creat",1,0.439461883408072,1,1,0.02,0,0.496321605856024,0,1,0,FALSE,0,NA,NA
"rule__5:>:1","creat > 1","rule","5:>:1","creat",1,0.560538116591928,1,1,0.02,0,0.496321605856024,0,1,0,FALSE,0,NA,NA
