"Outcome","Scenario","Scenario_name","Sim","metric_name","metric_depth2","metric_depth3","metric_difference_depth2_minus_depth3","final_terms_depth2","final_terms_depth3","final_terms_difference_depth2_minus_depth3","degree1_proportion_depth2","degree1_proportion_depth3","degree1_difference_depth2_minus_depth3"
"survival",1,"Purely rule-based",1,"C-index",0.850855503329873,0.857900138793315,-0.0070446354634417,30,35,-5,0,0,0
"survival",1,"Purely rule-based",10,"C-index",0.839034521274739,0.842292342955542,-0.00325782168080291,50,42,8,0.02,0.0476190476190476,-0.0276190476190476
"survival",1,"Purely rule-based",100,"C-index",0.868100874449781,0.866926680749124,0.00117419370065708,34,40,-6,0,0,0
"survival",1,"Purely rule-based",11,"C-index",0.87559587091464,0.870097282714313,0.00549858820032745,26,31,-5,0,0,0
"survival",1,"Purely rule-based",12,"C-index",0.837882210474838,0.836217135138912,0.00166507533592553,42,49,-7,0.0238095238095238,0.0204081632653061,0.00340136054421771
"survival",1,"Purely rule-based",13,"C-index",0.854825531914894,0.860283687943262,-0.00545815602836841,35,41,-6,0.0285714285714286,0.024390243902439,0.00418118466898957
"survival",1,"Purely rule-based",14,"C-index",0.856078391344289,0.859673596225602,-0.00359520488131293,37,47,-10,0,0,0
"survival",1,"Purely rule-based",15,"C-index",0.847640899070258,0.84771877695773,-7.78778874721553e-05,36,51,-15,0,0.0196078431372549,-0.0196078431372549
"survival",1,"Purely rule-based",16,"C-index",0.843454927927713,0.854325532474362,-0.0108706045466495,24,44,-20,0,0,0
"survival",1,"Purely rule-based",17,"C-index",0.855276145710928,0.863096357226792,-0.00782021151586365,33,48,-15,0,0,0
"survival",1,"Purely rule-based",18,"C-index",0.851251467003701,0.854253182269568,-0.00300171526586668,43,46,-3,0,0,0
"survival",1,"Purely rule-based",19,"C-index",0.846854395772425,0.853612888231049,-0.0067584924586237,35,49,-14,0,0,0
"survival",1,"Purely rule-based",2,"C-index",0.878252731254358,0.876796877867358,0.00145585338700038,48,59,-11,0,0,0
"survival",1,"Purely rule-based",20,"C-index",0.860733224376536,0.865759738503686,-0.00502651412715016,33,41,-8,0,0,0
"survival",1,"Purely rule-based",21,"C-index",0.837589689529704,0.860571745956178,-0.0229820564264742,27,40,-13,0,0.05,-0.05
"survival",1,"Purely rule-based",22,"C-index",0.880574763319102,0.880360126229813,0.000214637089288594,46,53,-7,0.0217391304347826,0,0.0217391304347826
"survival",1,"Purely rule-based",23,"C-index",0.86400725839402,0.866224433388612,-0.00221717499459173,36,44,-8,0,0,0
"survival",1,"Purely rule-based",24,"C-index",0.891450115588047,0.888006681110129,0.00344343447791751,29,38,-9,0,0,0
"survival",1,"Purely rule-based",25,"C-index",0.878874321775377,0.880923549821857,-0.00204922804648033,35,41,-6,0,0.024390243902439,-0.024390243902439
"survival",1,"Purely rule-based",26,"C-index",0.858416687842177,0.856713021783825,0.00170366605835204,36,47,-11,0.0277777777777778,0.0425531914893617,-0.0147754137115839
"survival",1,"Purely rule-based",27,"C-index",0.854264719453673,0.86187246216316,-0.00760774270948705,27,39,-12,0,0.0256410256410256,-0.0256410256410256
"survival",1,"Purely rule-based",28,"C-index",0.871326813403266,0.870639701335288,0.000687112067978113,39,49,-10,0,0.0408163265306122,-0.0408163265306122
"survival",1,"Purely rule-based",29,"C-index",0.875926850352477,0.876170357834244,-0.000243507481766936,37,49,-12,0,0,0
"survival",1,"Purely rule-based",3,"C-index",0.853115010227471,0.861708141889461,-0.00859313166198972,42,44,-2,0,0,0
"survival",1,"Purely rule-based",30,"C-index",0.857924493890206,0.85713227247857,0.00079222141163604,32,49,-17,0,0,0
"survival",1,"Purely rule-based",31,"C-index",0.849137210911955,0.85065872693859,-0.00152151602663508,45,52,-7,0,0,0
"survival",1,"Purely rule-based",32,"C-index",0.875890391888443,0.877241931367317,-0.00135153947887412,40,47,-7,0.025,0.0212765957446809,0.0037234042553191
"survival",1,"Purely rule-based",33,"C-index",0.87051052863743,0.872948250644255,-0.00243772200682546,42,49,-7,0.0238095238095238,0.0204081632653061,0.00340136054421771
"survival",1,"Purely rule-based",34,"C-index",0.872371580858666,0.880278802788028,-0.00790722192936222,36,44,-8,0,0,0
"survival",1,"Purely rule-based",35,"C-index",0.873119254958878,0.871117561683599,0.00200169327527855,37,45,-8,0,0,0
"survival",1,"Purely rule-based",36,"C-index",0.857366461072966,0.859740486442453,-0.00237402536948672,33,49,-16,0,0,0
"survival",1,"Purely rule-based",37,"C-index",0.856392274849014,0.856701988806053,-0.000309713957038493,27,38,-11,0,0,0
"survival",1,"Purely rule-based",38,"C-index",0.853092974441289,0.852271885417953,0.000821089023336108,32,47,-15,0,0,0
"survival",1,"Purely rule-based",39,"C-index",0.852132822761983,0.85295099850836,-0.00081817574637677,26,56,-30,0,0,0
"survival",1,"Purely rule-based",4,"C-index",0.85315033098197,0.858415173722661,-0.00526484274069061,39,45,-6,0,0,0
"survival",1,"Purely rule-based",40,"C-index",0.86195805689735,0.865767829379161,-0.00380977248181125,30,39,-9,0,0.0256410256410256,-0.0256410256410256
"survival",1,"Purely rule-based",41,"C-index",0.873577684297635,0.876709652207894,-0.00313196791025938,39,44,-5,0,0,0
"survival",1,"Purely rule-based",42,"C-index",0.859093477305543,0.871793584029129,-0.0127001067235856,35,46,-11,0,0,0
"survival",1,"Purely rule-based",43,"C-index",0.852699579706154,0.861847856022416,-0.00914827631626247,32,49,-17,0.03125,0.0204081632653061,0.0108418367346939
"survival",1,"Purely rule-based",44,"C-index",0.855889752209631,0.860370238439789,-0.00448048623015784,35,45,-10,0,0.0222222222222222,-0.0222222222222222
"survival",1,"Purely rule-based",45,"C-index",0.825648138141384,0.837019825401972,-0.0113716872605883,36,47,-11,0,0,0
"survival",1,"Purely rule-based",46,"C-index",0.868981443395894,0.868094158019062,0.000887285376831803,39,47,-8,0.0256410256410256,0.0212765957446809,0.00436442989634474
"survival",1,"Purely rule-based",47,"C-index",0.867446527112692,0.875245131572947,-0.00779860446025493,30,43,-13,0,0.0232558139534884,-0.0232558139534884
"survival",1,"Purely rule-based",48,"C-index",0.852188944156348,0.863795110593714,-0.0116061664373659,31,49,-18,0,0,0
"survival",1,"Purely rule-based",49,"C-index",0.865177239876104,0.865951588849375,-0.000774348973270778,39,45,-6,0,0,0
"survival",1,"Purely rule-based",5,"C-index",0.856953309485399,0.86162352996189,-0.00467022047649102,36,48,-12,0,0,0
"survival",1,"Purely rule-based",50,"C-index",0.879505149613017,0.882619294289719,-0.00311414467670168,40,47,-7,0,0,0
"survival",1,"Purely rule-based",51,"C-index",0.85025245197609,0.863722360861239,-0.0134699088851493,28,36,-8,0,0,0
"survival",1,"Purely rule-based",52,"C-index",0.852817041375843,0.851870038464686,0.000947002911157235,39,43,-4,0,0,0
"survival",1,"Purely rule-based",53,"C-index",0.840331645428746,0.848572700461855,-0.00824105503310857,35,40,-5,0,0,0
"survival",1,"Purely rule-based",54,"C-index",0.857073720649525,0.86265913594024,-0.00558541529071488,34,54,-20,0,0,0
"survival",1,"Purely rule-based",55,"C-index",0.840028200983595,0.849514507457211,-0.0094863064736157,32,38,-6,0.03125,0.0526315789473684,-0.0213815789473684
"survival",1,"Purely rule-based",56,"C-index",0.846132774930301,0.844915326458808,0.00121744847149319,34,42,-8,0.0294117647058824,0.0238095238095238,0.00560224089635855
"survival",1,"Purely rule-based",57,"C-index",0.855579476139218,0.854225262451243,0.00135421368797484,31,38,-7,0,0.0263157894736842,-0.0263157894736842
"survival",1,"Purely rule-based",58,"C-index",0.860553218437599,0.861520106753517,-0.000966888315917958,37,55,-18,0,0.0363636363636364,-0.0363636363636364
"survival",1,"Purely rule-based",59,"C-index",0.851279817743232,0.854401188242652,-0.00312137049941963,45,47,-2,0,0,0
"survival",1,"Purely rule-based",6,"C-index",0.864814902312835,0.865541354626852,-0.000726452314016801,38,52,-14,0,0,0
"survival",1,"Purely rule-based",60,"C-index",0.877371410877824,0.876525860734319,0.000845550143504847,47,43,4,0,0.0465116279069767,-0.0465116279069767
"survival",1,"Purely rule-based",61,"C-index",0.86954685008449,0.870231096936954,-0.000684246852464376,35,53,-18,0.0285714285714286,0.0188679245283019,0.00970350404312667
"survival",1,"Purely rule-based",62,"C-index",0.866261820878917,0.86819720007417,-0.00193537919525288,28,41,-13,0.0357142857142857,0.024390243902439,0.0113240418118467
"survival",1,"Purely rule-based",63,"C-index",0.851823872221023,0.854710770559033,-0.00288689833800992,44,48,-4,0.0227272727272727,0.0208333333333333,0.00189393939393943
"survival",1,"Purely rule-based",64,"C-index",0.846934092700893,0.860366190885236,-0.013432098184343,39,48,-9,0,0,0
"survival",1,"Purely rule-based",65,"C-index",0.869951934689145,0.869100526544611,0.000851408144534438,40,52,-12,0,0,0
"survival",1,"Purely rule-based",66,"C-index",0.871833555539962,0.869880476223891,0.00195307931607114,36,41,-5,0,0,0
"survival",1,"Purely rule-based",67,"C-index",0.85379129546111,0.858456821665815,-0.00466552620470551,26,32,-6,0,0,0
"survival",1,"Purely rule-based",68,"C-index",0.877182119126438,0.876277120198147,0.00090499892829099,45,41,4,0.0222222222222222,0.024390243902439,-0.00216802168021678
"survival",1,"Purely rule-based",69,"C-index",0.876125947495439,0.875327162102449,0.000798785392990498,31,50,-19,0,0,0
"survival",1,"Purely rule-based",7,"C-index",0.856837866032655,0.862223731774182,-0.00538586574152722,26,39,-13,0,0.0256410256410256,-0.0256410256410256
"survival",1,"Purely rule-based",70,"C-index",0.881084123790361,0.876245568649995,0.00483855514036624,33,39,-6,0,0,0
"survival",1,"Purely rule-based",71,"C-index",0.868773570315381,0.867809938494117,0.000963631821264133,42,46,-4,0,0,0
"survival",1,"Purely rule-based",72,"C-index",0.857285245146051,0.863737973152042,-0.00645272800599139,28,54,-26,0,0.0185185185185185,-0.0185185185185185
"survival",1,"Purely rule-based",73,"C-index",0.852362071302698,0.85556459265284,-0.00320252135014243,35,43,-8,0,0,0
"survival",1,"Purely rule-based",74,"C-index",0.841351981351981,0.846346153846154,-0.00499417249417256,32,48,-16,0,0,0
"survival",1,"Purely rule-based",75,"C-index",0.861807529439063,0.865502639364232,-0.00369510992516942,42,56,-14,0,0.0178571428571429,-0.0178571428571429
"survival",1,"Purely rule-based",76,"C-index",0.860467443777228,0.860602849405393,-0.00013540562816472,31,41,-10,0,0,0
"survival",1,"Purely rule-based",77,"C-index",0.851815140626936,0.858685416924792,-0.00687027629785619,33,44,-11,0,0,0
"survival",1,"Purely rule-based",78,"C-index",0.872088240133512,0.872540723503279,-0.000452483369767109,41,44,-3,0,0.0227272727272727,-0.0227272727272727
"survival",1,"Purely rule-based",79,"C-index",0.832914674194849,0.839724606786887,-0.00680993259203766,33,46,-13,0,0,0
"survival",1,"Purely rule-based",8,"C-index",0.869716396156031,0.877918179796932,-0.00820178364090052,31,53,-22,0,0.0188679245283019,-0.0188679245283019
"survival",1,"Purely rule-based",80,"C-index",0.858534219843653,0.865761460171304,-0.00722724032765076,25,34,-9,0,0,0
"survival",1,"Purely rule-based",81,"C-index",0.861157133151364,0.862515942167181,-0.00135880901581686,28,41,-13,0,0.024390243902439,-0.024390243902439
"survival",1,"Purely rule-based",82,"C-index",0.866327291365733,0.870713154093472,-0.00438586272773889,36,59,-23,0,0,0
"survival",1,"Purely rule-based",83,"C-index",0.864825461770896,0.870380821370204,-0.0055553595993082,38,50,-12,0,0,0
"survival",1,"Purely rule-based",84,"C-index",0.869867288421003,0.868254024328494,0.00161326409250906,40,43,-3,0.025,0.0465116279069767,-0.0215116279069767
"survival",1,"Purely rule-based",85,"C-index",0.861326572399008,0.86425336641534,-0.00292679401633245,32,39,-7,0,0,0
"survival",1,"Purely rule-based",86,"C-index",0.851157074042807,0.85237994736058,-0.00122287331777327,30,44,-14,0,0,0
"survival",1,"Purely rule-based",87,"C-index",0.874129663075294,0.875387681385066,-0.00125801830977168,41,45,-4,0,0,0
"survival",1,"Purely rule-based",88,"C-index",0.866526656272543,0.870732785702651,-0.00420612943010779,29,48,-19,0,0,0
"survival",1,"Purely rule-based",89,"C-index",0.871317631617325,0.871293325555394,2.43060619313784e-05,33,37,-4,0,0,0
"survival",1,"Purely rule-based",9,"C-index",0.866717515225894,0.870146925573767,-0.00342941034787336,33,38,-5,0.0303030303030303,0.0526315789473684,-0.0223285486443381
"survival",1,"Purely rule-based",90,"C-index",0.850043343370745,0.853750342184506,-0.00370699881376046,35,43,-8,0,0.0232558139534884,-0.0232558139534884
"survival",1,"Purely rule-based",91,"C-index",0.854552247032741,0.863959285163092,-0.00940703813035104,28,46,-18,0,0.0434782608695652,-0.0434782608695652
"survival",1,"Purely rule-based",92,"C-index",0.86496214397308,0.865659175579858,-0.00069703160677792,42,46,-4,0.0238095238095238,0.0217391304347826,0.00207039337474121
"survival",1,"Purely rule-based",93,"C-index",0.844950358303239,0.844112619292903,0.000837739010335903,29,35,-6,0,0.0285714285714286,-0.0285714285714286
"survival",1,"Purely rule-based",94,"C-index",0.863552948593817,0.864521177185832,-0.000968228592015064,35,44,-9,0.0571428571428571,0.0454545454545455,0.0116883116883116
"survival",1,"Purely rule-based",95,"C-index",0.856966403162055,0.859352405282946,-0.00238600212089057,42,49,-7,0,0,0
"survival",1,"Purely rule-based",96,"C-index",0.876395185058056,0.879318711754471,-0.00292352669641471,32,44,-12,0,0,0
"survival",1,"Purely rule-based",97,"C-index",0.883753710906036,0.873460980829862,0.0102927300761744,43,48,-5,0.0465116279069767,0.0625,-0.0159883720930233
"survival",1,"Purely rule-based",98,"C-index",0.860754390333559,0.867329515136424,-0.00657512480286537,31,48,-17,0,0,0
"survival",1,"Purely rule-based",99,"C-index",0.855015563101302,0.865432229767968,-0.0104166666666663,29,50,-21,0,0,0
"survival",2,"Purely linear",1,"C-index",0.827532784031565,0.837913426946733,-0.0103806429151675,44,61,-17,0,0,0
"survival",2,"Purely linear",10,"C-index",0.821396338677868,0.830165238609901,-0.00876889993203278,55,68,-13,0,0,0
"survival",2,"Purely linear",100,"C-index",0.832591111515041,0.839560801599564,-0.00696969008452275,55,67,-12,0,0,0
"survival",2,"Purely linear",11,"C-index",0.835748682018395,0.839696921286259,-0.00394823926786425,53,59,-6,0,0,0
"survival",2,"Purely linear",12,"C-index",0.835933239411016,0.838608889292856,-0.00267564988183988,66,68,-2,0,0,0
"survival",2,"Purely linear",13,"C-index",0.816303472346519,0.824598398066941,-0.00829492572042234,57,75,-18,0,0,0
"survival",2,"Purely linear",14,"C-index",0.839396735429161,0.841005953557855,-0.00160921812869363,61,63,-2,0,0,0
"survival",2,"Purely linear",15,"C-index",0.820824023490051,0.820046091035645,0.000777932454405716,56,60,-4,0,0,0
"survival",2,"Purely linear",16,"C-index",0.83785161260766,0.848869571192963,-0.0110179585853032,54,62,-8,0,0,0
"survival",2,"Purely linear",17,"C-index",0.842026033330722,0.845366940132293,-0.00334090680157118,56,57,-1,0,0,0
"survival",2,"Purely linear",18,"C-index",0.818189985288998,0.821053577243989,-0.00286359195499075,57,59,-2,0,0,0
"survival",2,"Purely linear",19,"C-index",0.827950222891354,0.833937119937896,-0.00598689704654232,53,65,-12,0,0,0
"survival",2,"Purely linear",2,"C-index",0.830914853312609,0.84120604235477,-0.0102911890421608,44,60,-16,0,0,0
"survival",2,"Purely linear",20,"C-index",0.84450703251892,0.858525993249703,-0.0140189607307827,48,57,-9,0,0,0
"survival",2,"Purely linear",21,"C-index",0.845353722828872,0.849287771995946,-0.00393404916707429,47,53,-6,0,0,0
"survival",2,"Purely linear",22,"C-index",0.853562346693071,0.861607444246911,-0.00804509755383997,57,62,-5,0,0,0
"survival",2,"Purely linear",23,"C-index",0.841879689536536,0.849852635534211,-0.00797294599767517,57,66,-9,0,0,0
"survival",2,"Purely linear",24,"C-index",0.853450765232457,0.857487727403985,-0.0040369621715276,58,66,-8,0,0,0
"survival",2,"Purely linear",25,"C-index",0.834645491664599,0.846883529969095,-0.0122380383044962,49,66,-17,0,0,0
"survival",2,"Purely linear",26,"C-index",0.830077442481767,0.835099367609428,-0.00502192512766142,52,67,-15,0,0,0
"survival",2,"Purely linear",27,"C-index",0.835478131098611,0.837400987257491,-0.00192285615887999,68,60,8,0,0,0
"survival",2,"Purely linear",28,"C-index",0.812124433503049,0.815073015162536,-0.00294858165948675,50,69,-19,0,0,0
"survival",2,"Purely linear",29,"C-index",0.862264128993229,0.85583075455455,0.0064333744386792,57,58,-1,0,0,0
"survival",2,"Purely linear",3,"C-index",0.841667113087266,0.843043874216532,-0.00137676112926577,61,67,-6,0,0,0
"survival",2,"Purely linear",30,"C-index",0.845928426580394,0.842704926680029,0.00322349990036508,64,59,5,0,0,0
"survival",2,"Purely linear",31,"C-index",0.840815532148292,0.843699501055686,-0.00288396890739451,55,65,-10,0,0,0
"survival",2,"Purely linear",32,"C-index",0.837300492847121,0.834458527694171,0.00284196515295054,52,65,-13,0,0,0
"survival",2,"Purely linear",33,"C-index",0.835249585726284,0.847320273307153,-0.0120706875808687,54,71,-17,0,0,0
"survival",2,"Purely linear",34,"C-index",0.847150317892825,0.851453224341508,-0.00430290644868336,58,61,-3,0,0,0
"survival",2,"Purely linear",35,"C-index",0.852193313816224,0.853261639437152,-0.00106832562092773,49,56,-7,0,0,0
"survival",2,"Purely linear",36,"C-index",0.847498464591109,0.858907733736477,-0.0114092691453682,47,73,-26,0,0,0
"survival",2,"Purely linear",37,"C-index",0.836500017484759,0.844187483243773,-0.00768746575901391,53,75,-22,0,0,0
"survival",2,"Purely linear",38,"C-index",0.845450344173376,0.846873251769513,-0.00142290759613717,61,53,8,0,0,0
"survival",2,"Purely linear",39,"C-index",0.824757346097593,0.831948322474848,-0.00719097637725452,50,58,-8,0,0,0
"survival",2,"Purely linear",4,"C-index",0.831083597095513,0.834440746602123,-0.00335714950661004,68,66,2,0,0,0
"survival",2,"Purely linear",40,"C-index",0.831720281968267,0.839550182544603,-0.00782990057633592,47,59,-12,0,0,0
"survival",2,"Purely linear",41,"C-index",0.856040594238237,0.856994491104488,-0.000953896866250803,64,71,-7,0,0,0
"survival",2,"Purely linear",42,"C-index",0.850055996435496,0.861959754819908,-0.0119037583844124,38,61,-23,0,0,0
"survival",2,"Purely linear",43,"C-index",0.836214470591029,0.849981003490609,-0.0137665328995802,42,55,-13,0,0,0
"survival",2,"Purely linear",44,"C-index",0.849636355319733,0.847377870277193,0.00225848504253978,55,66,-11,0,0,0
"survival",2,"Purely linear",45,"C-index",0.823169891880724,0.828317608980098,-0.00514771709937356,47,57,-10,0,0,0
"survival",2,"Purely linear",46,"C-index",0.841974194606884,0.848548593125593,-0.00657439851870933,65,49,16,0,0,0
"survival",2,"Purely linear",47,"C-index",0.82843425436018,0.838559017571363,-0.0101247632111826,52,60,-8,0,0,0
"survival",2,"Purely linear",48,"C-index",0.840144136470114,0.853263245200121,-0.0131191087300074,51,74,-23,0,0,0
"survival",2,"Purely linear",49,"C-index",0.830464635613111,0.840927402874926,-0.0104627672618148,52,63,-11,0,0,0
"survival",2,"Purely linear",5,"C-index",0.836719810611585,0.844293103254833,-0.00757329264324758,43,63,-20,0,0,0
"survival",2,"Purely linear",50,"C-index",0.852549476414641,0.860241137477183,-0.00769166106254182,59,71,-12,0,0,0
"survival",2,"Purely linear",51,"C-index",0.841985433209112,0.839000713614173,0.00298471959493862,67,63,4,0,0,0
"survival",2,"Purely linear",52,"C-index",0.846804641097656,0.847288088770201,-0.000483447672544601,67,67,0,0,0,0
"survival",2,"Purely linear",53,"C-index",0.838849175303032,0.850659650401363,-0.0118104750983311,57,61,-4,0,0,0
"survival",2,"Purely linear",54,"C-index",0.834620813835877,0.840839622536651,-0.00621880870077418,47,54,-7,0,0,0
"survival",2,"Purely linear",55,"C-index",0.822692578607637,0.838523804575005,-0.0158312259673676,37,65,-28,0,0,0
"survival",2,"Purely linear",56,"C-index",0.835294265214992,0.84457628819427,-0.00928202297927827,52,65,-13,0,0,0
"survival",2,"Purely linear",57,"C-index",0.829,0.834896174863388,-0.005896174863388,65,65,0,0,0,0
"survival",2,"Purely linear",58,"C-index",0.845452929149258,0.857276202329096,-0.0118232731798382,55,81,-26,0,0,0
"survival",2,"Purely linear",59,"C-index",0.839031851718553,0.851628576570092,-0.012596724851539,53,61,-8,0,0,0
"survival",2,"Purely linear",6,"C-index",0.844310662391705,0.843554585351434,0.000756077040270697,50,61,-11,0,0,0
"survival",2,"Purely linear",60,"C-index",0.850479929694009,0.856409144344134,-0.00592921465012486,60,68,-8,0,0,0
"survival",2,"Purely linear",61,"C-index",0.837489833022343,0.842836467154682,-0.00534663413233849,47,62,-15,0,0,0
"survival",2,"Purely linear",62,"C-index",0.8256409063416,0.839319778532545,-0.0136788721909454,51,77,-26,0,0,0
"survival",2,"Purely linear",63,"C-index",0.84380811569427,0.84629156896492,-0.00248345327065036,63,66,-3,0,0,0
"survival",2,"Purely linear",64,"C-index",0.820381376058573,0.826909486903231,-0.00652811084465754,52,57,-5,0,0,0
"survival",2,"Purely linear",65,"C-index",0.858194958487546,0.853749874962489,0.00444508352505735,56,53,3,0,0,0
"survival",2,"Purely linear",66,"C-index",0.824462885074457,0.836165738319882,-0.0117028532454247,41,62,-21,0,0,0
"survival",2,"Purely linear",67,"C-index",0.846126914660831,0.85003829321663,-0.00391137855579859,64,62,2,0,0,0
"survival",2,"Purely linear",68,"C-index",0.845936299050074,0.845468748218175,0.000467550831898644,57,68,-11,0,0,0
"survival",2,"Purely linear",69,"C-index",0.859465275666066,0.856927323337466,0.00253795232860032,66,61,5,0,0,0
"survival",2,"Purely linear",7,"C-index",0.825657857052846,0.832193467826007,-0.00653561077316078,61,66,-5,0,0,0
"survival",2,"Purely linear",70,"C-index",0.850103888394182,0.860148411991689,-0.0100445235975067,57,67,-10,0,0,0
"survival",2,"Purely linear",71,"C-index",0.8581305340849,0.86634938850823,-0.00821885442332992,61,76,-15,0,0,0
"survival",2,"Purely linear",72,"C-index",0.811623348092067,0.82255720417751,-0.0109338560854425,56,62,-6,0,0,0
"survival",2,"Purely linear",73,"C-index",0.832768992878024,0.838192304653551,-0.00542331177552746,59,83,-24,0,0,0
"survival",2,"Purely linear",74,"C-index",0.81712721136074,0.827740594900525,-0.0106133835397848,45,61,-16,0,0,0
"survival",2,"Purely linear",75,"C-index",0.827879089301503,0.841357206012378,-0.0134781167108748,63,65,-2,0,0,0
"survival",2,"Purely linear",76,"C-index",0.841839589647937,0.846059687572861,-0.00422009792492439,64,58,6,0,0,0
"survival",2,"Purely linear",77,"C-index",0.833323322361308,0.844819922635208,-0.0114966002739,46,58,-12,0,0,0
"survival",2,"Purely linear",78,"C-index",0.839244614251519,0.846264500092064,-0.00701988584054491,47,68,-21,0,0,0
"survival",2,"Purely linear",79,"C-index",0.821321182402739,0.837662487856779,-0.0163413054540403,50,61,-11,0,0,0
"survival",2,"Purely linear",8,"C-index",0.857703181849783,0.867233667817664,-0.00953048596788064,50,64,-14,0,0,0
"survival",2,"Purely linear",80,"C-index",0.832427720799656,0.835778487174263,-0.00335076637460707,47,63,-16,0,0,0
"survival",2,"Purely linear",81,"C-index",0.832843404100889,0.84232141777052,-0.00947801366963086,48,56,-8,0,0,0
"survival",2,"Purely linear",82,"C-index",0.851202574525745,0.855803974706414,-0.00460140018066879,64,73,-9,0,0,0
"survival",2,"Purely linear",83,"C-index",0.812667883763387,0.832069723362443,-0.0194018395990558,48,75,-27,0,0,0
"survival",2,"Purely linear",84,"C-index",0.844388072181607,0.850020904191008,-0.00563283200940135,55,55,0,0,0,0
"survival",2,"Purely linear",85,"C-index",0.83301244738963,0.833644891197278,-0.000632443807647931,51,56,-5,0,0,0
"survival",2,"Purely linear",86,"C-index",0.814802910855064,0.823662825955124,-0.00885991510006034,48,60,-12,0,0,0
"survival",2,"Purely linear",87,"C-index",0.840291850022183,0.857012674012878,-0.0167208239906954,44,63,-19,0,0,0
"survival",2,"Purely linear",88,"C-index",0.855286887190926,0.856574201509183,-0.00128731431825702,64,51,13,0,0,0
"survival",2,"Purely linear",89,"C-index",0.842530731460506,0.852155514414176,-0.00962478295366986,58,62,-4,0,0,0
"survival",2,"Purely linear",9,"C-index",0.838831849311242,0.845618876314114,-0.00678702700287159,45,60,-15,0,0,0
"survival",2,"Purely linear",90,"C-index",0.829899157218485,0.842893437944195,-0.0129942807257097,59,71,-12,0,0,0
"survival",2,"Purely linear",91,"C-index",0.821863653330619,0.839469725248001,-0.0176060719173824,31,55,-24,0,0,0
"survival",2,"Purely linear",92,"C-index",0.85113703351018,0.857264317779894,-0.00612728426971398,62,67,-5,0,0,0
"survival",2,"Purely linear",93,"C-index",0.829079359937058,0.820372791539877,0.0087065683971812,59,62,-3,0,0,0
"survival",2,"Purely linear",94,"C-index",0.834088266238441,0.835705188548646,-0.00161692231020527,63,65,-2,0,0,0
"survival",2,"Purely linear",95,"C-index",0.82662779856251,0.835738985731314,-0.00911118716880444,66,71,-5,0,0,0
"survival",2,"Purely linear",96,"C-index",0.856878027055614,0.859566887490954,-0.00268886043533967,59,70,-11,0,0,0
"survival",2,"Purely linear",97,"C-index",0.857865111159027,0.863079768943564,-0.00521465778453678,57,63,-6,0,0,0
"survival",2,"Purely linear",98,"C-index",0.834490792348509,0.837873991171356,-0.00338319882284743,62,66,-4,0,0,0
"survival",2,"Purely linear",99,"C-index",0.835294315581677,0.853459105388308,-0.0181647898066311,52,70,-18,0,0,0
"survival",3,"Mixed linear and rule-based",1,"C-index",0.814555805454034,0.818187142723269,-0.0036313372692347,49,56,-7,0,0,0
"survival",3,"Mixed linear and rule-based",10,"C-index",0.795612022753342,0.802617102460264,-0.00700507970692232,45,72,-27,0,0,0
"survival",3,"Mixed linear and rule-based",100,"C-index",0.808666436940041,0.810234321157822,-0.00156788421778065,50,59,-9,0,0,0
"survival",3,"Mixed linear and rule-based",11,"C-index",0.818861578567605,0.817796708795941,0.00106486977166365,48,49,-1,0,0,0
"survival",3,"Mixed linear and rule-based",12,"C-index",0.777618372820219,0.800590253785705,-0.0229718809654864,43,46,-3,0,0.0217391304347826,-0.0217391304347826
"survival",3,"Mixed linear and rule-based",13,"C-index",0.789402496859119,0.8037373657344,-0.0143348688752813,35,54,-19,0,0,0
"survival",3,"Mixed linear and rule-based",14,"C-index",0.824035272499104,0.823749551810685,0.000285720688418589,58,64,-6,0.0172413793103448,0.015625,0.00161637931034483
"survival",3,"Mixed linear and rule-based",15,"C-index",0.79995544142306,0.800641408989107,-0.000685967566046664,55,66,-11,0,0,0
"survival",3,"Mixed linear and rule-based",16,"C-index",0.823279790722174,0.8301511582486,-0.0068713675264257,49,60,-11,0,0,0
"survival",3,"Mixed linear and rule-based",17,"C-index",0.816440266757305,0.820923336575989,-0.00448306981868429,58,65,-7,0,0,0
"survival",3,"Mixed linear and rule-based",18,"C-index",0.791822337603702,0.796450138269654,-0.00462780066595181,48,62,-14,0,0,0
"survival",3,"Mixed linear and rule-based",19,"C-index",0.784076494100189,0.817153730164429,-0.03307723606424,37,58,-21,0,0,0
"survival",3,"Mixed linear and rule-based",2,"C-index",0.838202644060955,0.837067312544152,0.00113533151680267,51,62,-11,0,0,0
"survival",3,"Mixed linear and rule-based",20,"C-index",0.806631740203244,0.823167237729936,-0.0165354975266921,40,46,-6,0,0,0
"survival",3,"Mixed linear and rule-based",21,"C-index",0.790313131777247,0.808330270170925,-0.0180171383936781,49,50,-1,0,0,0
"survival",3,"Mixed linear and rule-based",22,"C-index",0.829780793438653,0.845595878596804,-0.015815085158151,47,71,-24,0,0,0
"survival",3,"Mixed linear and rule-based",23,"C-index",0.830422021823002,0.838907429761651,-0.00848540793864927,38,50,-12,0,0,0
"survival",3,"Mixed linear and rule-based",24,"C-index",0.836684940811178,0.845830098971473,-0.00914515816029504,55,60,-5,0,0,0
"survival",3,"Mixed linear and rule-based",25,"C-index",0.819486983154671,0.82409856605875,-0.00461158290407926,45,57,-12,0,0.0175438596491228,-0.0175438596491228
"survival",3,"Mixed linear and rule-based",26,"C-index",0.814628155666006,0.822923545699953,-0.00829539003394675,57,66,-9,0,0,0
"survival",3,"Mixed linear and rule-based",27,"C-index",0.792159150574646,0.805968146549209,-0.0138089959745634,36,60,-24,0,0,0
"survival",3,"Mixed linear and rule-based",28,"C-index",0.82309122629815,0.821139984390065,0.00195124190808482,65,79,-14,0.0307692307692308,0,0.0307692307692308
"survival",3,"Mixed linear and rule-based",29,"C-index",0.855931267259896,0.856004909481436,-7.3642221540382e-05,52,51,1,0,0,0
"survival",3,"Mixed linear and rule-based",3,"C-index",0.818175497892913,0.822603589535157,-0.004428091642244,64,66,-2,0,0,0
"survival",3,"Mixed linear and rule-based",30,"C-index",0.822309717400927,0.833719684085455,-0.0114099666845278,48,59,-11,0,0,0
"survival",3,"Mixed linear and rule-based",31,"C-index",0.811961705245709,0.812003747792766,-4.20425470573083e-05,47,57,-10,0,0,0
"survival",3,"Mixed linear and rule-based",32,"C-index",0.8359502955209,0.831820123905148,0.00413017161575213,65,55,10,0.0153846153846154,0,0.0153846153846154
"survival",3,"Mixed linear and rule-based",33,"C-index",0.836286051298656,0.84056479404214,-0.00427874274348372,63,69,-6,0,0.0144927536231884,-0.0144927536231884
"survival",3,"Mixed linear and rule-based",34,"C-index",0.808590647918905,0.824006166207315,-0.01541551828841,43,57,-14,0,0,0
"survival",3,"Mixed linear and rule-based",35,"C-index",0.83970870580754,0.842087241510034,-0.00237853570249369,47,53,-6,0,0,0
"survival",3,"Mixed linear and rule-based",36,"C-index",0.823789908513816,0.827839105675878,-0.00404919716206176,35,55,-20,0,0,0
"survival",3,"Mixed linear and rule-based",37,"C-index",0.802595620538957,0.814570529156049,-0.0119749086170916,45,62,-17,0,0,0
"survival",3,"Mixed linear and rule-based",38,"C-index",0.808315368808542,0.816560140186327,-0.00824477137778479,47,57,-10,0,0,0
"survival",3,"Mixed linear and rule-based",39,"C-index",0.806805516464959,0.818620883760203,-0.0118153672952438,26,58,-32,0,0.0172413793103448,-0.0172413793103448
"survival",3,"Mixed linear and rule-based",4,"C-index",0.783202307298693,0.795721496022701,-0.0125191887240081,44,62,-18,0,0,0
"survival",3,"Mixed linear and rule-based",40,"C-index",0.805185228881548,0.83147711184521,-0.026291882963662,34,52,-18,0,0,0
"survival",3,"Mixed linear and rule-based",41,"C-index",0.823211116652941,0.826644473571271,-0.00343335691833002,50,54,-4,0,0,0
"survival",3,"Mixed linear and rule-based",42,"C-index",0.820408748566013,0.838869769065789,-0.0184610204997758,36,72,-36,0,0.0138888888888889,-0.0138888888888889
"survival",3,"Mixed linear and rule-based",43,"C-index",0.81773723598467,0.816189716247748,0.00154751973692191,47,61,-14,0,0,0
"survival",3,"Mixed linear and rule-based",44,"C-index",0.80364714891477,0.817865429234339,-0.0142182803195687,44,64,-20,0,0,0
"survival",3,"Mixed linear and rule-based",45,"C-index",0.787952082007946,0.799205367967446,-0.0112532859594997,45,53,-8,0,0,0
"survival",3,"Mixed linear and rule-based",46,"C-index",0.813258708525904,0.820433564615076,-0.00717485608917201,46,60,-14,0,0,0
"survival",3,"Mixed linear and rule-based",47,"C-index",0.828469822977976,0.829381379488853,-0.00091155651087671,59,55,4,0,0,0
"survival",3,"Mixed linear and rule-based",48,"C-index",0.810154575714742,0.823041584971046,-0.0128870092563043,46,51,-5,0,0,0
"survival",3,"Mixed linear and rule-based",49,"C-index",0.806272216488935,0.812727898176815,-0.00645568168788024,49,56,-7,0,0,0
"survival",3,"Mixed linear and rule-based",5,"C-index",0.814919649379109,0.824929236669101,-0.0100095872899921,42,73,-31,0,0,0
"survival",3,"Mixed linear and rule-based",50,"C-index",0.852261593223282,0.847778094730184,0.00448349849309804,51,63,-12,0,0,0
"survival",3,"Mixed linear and rule-based",51,"C-index",0.826515633127203,0.82991966710975,-0.00340403398254652,39,57,-18,0.0256410256410256,0.0350877192982456,-0.00944669365721996
"survival",3,"Mixed linear and rule-based",52,"C-index",0.824188516586888,0.825403062561025,-0.00121454597413739,48,61,-13,0,0,0
"survival",3,"Mixed linear and rule-based",53,"C-index",0.806789121394739,0.820026017923458,-0.0132368965287194,46,64,-18,0,0,0
"survival",3,"Mixed linear and rule-based",54,"C-index",0.817926455566905,0.827552515876893,-0.00962606030998803,55,51,4,0,0.0196078431372549,-0.0196078431372549
"survival",3,"Mixed linear and rule-based",55,"C-index",0.804576787151405,0.812047307463522,-0.00747052031211715,49,52,-3,0,0,0
"survival",3,"Mixed linear and rule-based",56,"C-index",0.821493717065261,0.832241842318606,-0.0107481252533446,39,61,-22,0,0,0
"survival",3,"Mixed linear and rule-based",57,"C-index",0.81283322154899,0.825536849045665,-0.0127036274966751,34,57,-23,0,0.0175438596491228,-0.0175438596491228
"survival",3,"Mixed linear and rule-based",58,"C-index",0.803307033741816,0.827597784119523,-0.0242907503777067,47,80,-33,0,0.0125,-0.0125
"survival",3,"Mixed linear and rule-based",59,"C-index",0.815533705637807,0.826793461638668,-0.0112597560008606,50,65,-15,0,0,0
"survival",3,"Mixed linear and rule-based",6,"C-index",0.82687065961935,0.823807210068498,0.00306344955085203,53,60,-7,0,0,0
"survival",3,"Mixed linear and rule-based",60,"C-index",0.827760867776851,0.821573374387421,0.0061874933894297,48,57,-9,0,0,0
"survival",3,"Mixed linear and rule-based",61,"C-index",0.810086308216495,0.818319423503852,-0.00823311528735726,50,52,-2,0,0,0
"survival",3,"Mixed linear and rule-based",62,"C-index",0.820936639118457,0.832290189840589,-0.0113535507221316,36,52,-16,0,0,0
"survival",3,"Mixed linear and rule-based",63,"C-index",0.78871388140011,0.810622755696755,-0.0219088742966455,61,69,-8,0,0,0
"survival",3,"Mixed linear and rule-based",64,"C-index",0.816495126197724,0.826189432791273,-0.00969430659354942,40,59,-19,0,0,0
"survival",3,"Mixed linear and rule-based",65,"C-index",0.835067434955463,0.845113481958633,-0.0100460470031702,47,56,-9,0,0,0
"survival",3,"Mixed linear and rule-based",66,"C-index",0.811463091030774,0.828787469619228,-0.0173243785884539,37,58,-21,0.027027027027027,0,0.027027027027027
"survival",3,"Mixed linear and rule-based",67,"C-index",0.804952528706749,0.819079198942412,-0.0141266702356633,44,55,-11,0,0,0
"survival",3,"Mixed linear and rule-based",68,"C-index",0.814858449703732,0.811924645113598,0.00293380459013393,52,53,-1,0,0,0
"survival",3,"Mixed linear and rule-based",69,"C-index",0.844099542525927,0.838698474288041,0.00540106823788644,58,66,-8,0,0,0
"survival",3,"Mixed linear and rule-based",7,"C-index",0.825054753578645,0.838340815314062,-0.0132860617354166,45,77,-32,0,0,0
"survival",3,"Mixed linear and rule-based",70,"C-index",0.832029629268055,0.843518902692017,-0.0114892734239624,39,56,-17,0,0,0
"survival",3,"Mixed linear and rule-based",71,"C-index",0.841513866002875,0.850255349484042,-0.0087414834811671,56,57,-1,0,0,0
"survival",3,"Mixed linear and rule-based",72,"C-index",0.806409160442725,0.814327814271574,-0.00791865382884915,42,52,-10,0,0,0
"survival",3,"Mixed linear and rule-based",73,"C-index",0.810422441639367,0.820548211953907,-0.0101257703145402,42,53,-11,0,0,0
"survival",3,"Mixed linear and rule-based",74,"C-index",0.795371540946762,0.801956033150723,-0.00658449220396073,47,55,-8,0,0,0
"survival",3,"Mixed linear and rule-based",75,"C-index",0.79667108425616,0.81505649273344,-0.0183854084772798,45,59,-14,0,0,0
"survival",3,"Mixed linear and rule-based",76,"C-index",0.830196009182412,0.82398022249691,0.00621578668550204,65,64,1,0,0,0
"survival",3,"Mixed linear and rule-based",77,"C-index",0.803532413001819,0.83109353448802,-0.0275611214862014,33,57,-24,0,0,0
"survival",3,"Mixed linear and rule-based",78,"C-index",0.826220739633059,0.824109967216886,0.00211077241617319,51,57,-6,0,0,0
"survival",3,"Mixed linear and rule-based",79,"C-index",0.755922803381768,0.77393848762452,-0.0180156842427524,30,41,-11,0,0,0
"survival",3,"Mixed linear and rule-based",8,"C-index",0.836350281662782,0.849510732323232,-0.0131604506604504,40,58,-18,0,0,0
"survival",3,"Mixed linear and rule-based",80,"C-index",0.799186587173192,0.812999898181983,-0.0138133110087906,42,53,-11,0,0,0
"survival",3,"Mixed linear and rule-based",81,"C-index",0.82107059587049,0.825625555849338,-0.00455495997884803,59,53,6,0,0,0
"survival",3,"Mixed linear and rule-based",82,"C-index",0.823117338003503,0.840532537561065,-0.0174151995575624,43,66,-23,0,0,0
"survival",3,"Mixed linear and rule-based",83,"C-index",0.81677860398177,0.827782441832574,-0.0110038378508038,50,59,-9,0,0,0
"survival",3,"Mixed linear and rule-based",84,"C-index",0.830752406460894,0.829389817424765,0.00136258903612918,46,52,-6,0,0,0
"survival",3,"Mixed linear and rule-based",85,"C-index",0.809428349715468,0.822667309410713,-0.0132389596952448,38,61,-23,0,0,0
"survival",3,"Mixed linear and rule-based",86,"C-index",0.781765844711636,0.808882718565315,-0.0271168738536786,41,72,-31,0,0.0138888888888889,-0.0138888888888889
"survival",3,"Mixed linear and rule-based",87,"C-index",0.827098563145954,0.84199016889337,-0.0148916057474158,49,67,-18,0,0,0
"survival",3,"Mixed linear and rule-based",88,"C-index",0.82737618301109,0.828351622829937,-0.000975439818847179,46,61,-15,0,0,0
"survival",3,"Mixed linear and rule-based",89,"C-index",0.824086741551459,0.824122743855607,-3.60023041477975e-05,47,52,-5,0,0,0
"survival",3,"Mixed linear and rule-based",9,"C-index",0.827651796424287,0.832946821271491,-0.00529502484720357,60,63,-3,0,0,0
"survival",3,"Mixed linear and rule-based",90,"C-index",0.797341966263418,0.794786164593628,0.00255580166978997,43,47,-4,0,0,0
"survival",3,"Mixed linear and rule-based",91,"C-index",0.795284250217538,0.818476264139998,-0.0231920139224595,45,65,-20,0,0.0307692307692308,-0.0307692307692308
"survival",3,"Mixed linear and rule-based",92,"C-index",0.827233918342029,0.838386786830615,-0.0111528684885855,44,72,-28,0,0,0
"survival",3,"Mixed linear and rule-based",93,"C-index",0.80634236453202,0.819314062645227,-0.0129716981132073,38,51,-13,0,0,0
"survival",3,"Mixed linear and rule-based",94,"C-index",0.821640802743726,0.825138374817481,-0.00349757207375456,55,68,-13,0,0,0
"survival",3,"Mixed linear and rule-based",95,"C-index",0.802868607530095,0.80861923869693,-0.00575063116683516,60,58,2,0,0,0
"survival",3,"Mixed linear and rule-based",96,"C-index",0.827453135848183,0.842484378616061,-0.0150312427678776,32,56,-24,0,0,0
"survival",3,"Mixed linear and rule-based",97,"C-index",0.832787795043719,0.833716531509084,-0.000928736465365398,54,59,-5,0,0,0
"survival",3,"Mixed linear and rule-based",98,"C-index",0.819365258172789,0.823532116419146,-0.00416685824635654,45,74,-29,0,0,0
"survival",3,"Mixed linear and rule-based",99,"C-index",0.813793103448276,0.823644500545069,-0.00985139709679306,44,51,-7,0,0,0
"survival",4,"Smooth nonlinear misspecified",1,"C-index",0.711610779599305,0.717361922012486,-0.00575114241318109,19,24,-5,0.105263157894737,0.166666666666667,-0.0614035087719302
"survival",4,"Smooth nonlinear misspecified",10,"C-index",0.703839649116286,0.720189752262717,-0.016350103146431,12,16,-4,0.583333333333333,0.1875,0.395833333333333
"survival",4,"Smooth nonlinear misspecified",100,"C-index",0.726403534828457,0.737180677261251,-0.0107771424327942,12,20,-8,0,0,0
"survival",4,"Smooth nonlinear misspecified",11,"C-index",0.698934214679614,0.710306923891045,-0.0113727092114305,9,13,-4,0.444444444444444,0.0769230769230769,0.367521367521368
"survival",4,"Smooth nonlinear misspecified",12,"C-index",0.676969022164769,0.689683805282179,-0.0127147831174105,4,9,-5,0,0,0
"survival",4,"Smooth nonlinear misspecified",13,"C-index",0.6864314432796,0.702377597414797,-0.0159461541351968,4,11,-7,0,0.545454545454545,-0.545454545454545
"survival",4,"Smooth nonlinear misspecified",14,"C-index",0.716124151929185,0.740072168242215,-0.0239480163130301,6,15,-9,0,0.2,-0.2
"survival",4,"Smooth nonlinear misspecified",15,"C-index",0.701070231041294,0.708589407927978,-0.00751917688668446,4,7,-3,0.25,0.428571428571429,-0.178571428571429
"survival",4,"Smooth nonlinear misspecified",16,"C-index",0.674329326394488,0.676060983654621,-0.00173165726013291,8,20,-12,0.125,0.4,-0.275
"survival",4,"Smooth nonlinear misspecified",17,"C-index",0.721580252335337,0.728423864811206,-0.00684361247586907,12,21,-9,0.25,0.238095238095238,0.011904761904762
"survival",4,"Smooth nonlinear misspecified",18,"C-index",0.669243473230448,0.675187078955717,-0.0059436057252692,8,9,-1,0.75,0.444444444444444,0.305555555555556
"survival",4,"Smooth nonlinear misspecified",19,"C-index",0.685208081602833,0.697544046983449,-0.0123359653806164,7,12,-5,0.142857142857143,0.166666666666667,-0.0238095238095241
"survival",4,"Smooth nonlinear misspecified",2,"C-index",0.681729134856386,0.702783939769333,-0.0210548049129473,7,17,-10,0,0.529411764705882,-0.529411764705882
"survival",4,"Smooth nonlinear misspecified",20,"C-index",0.723533805138855,0.736390050186263,-0.0128562450474083,11,23,-12,0,0.0869565217391304,-0.0869565217391304
"survival",4,"Smooth nonlinear misspecified",21,"C-index",0.753648886417299,0.760540974191137,-0.00689208777383754,7,19,-12,0,0.105263157894737,-0.105263157894737
"survival",4,"Smooth nonlinear misspecified",22,"C-index",0.735371556568554,0.752043462883641,-0.0166719063150867,8,19,-11,0,0.315789473684211,-0.315789473684211
"survival",4,"Smooth nonlinear misspecified",23,"C-index",0.684556262305013,0.694111578070574,-0.00955531576556112,5,14,-9,0,0.214285714285714,-0.214285714285714
"survival",4,"Smooth nonlinear misspecified",24,"C-index",0.648503995539862,0.658051477420554,-0.00954748188069154,9,7,2,0.555555555555556,0.142857142857143,0.412698412698413
"survival",4,"Smooth nonlinear misspecified",25,"C-index",0.716888953583581,0.760735275387107,-0.0438463218035264,11,20,-9,0.181818181818182,0.25,-0.0681818181818182
"survival",4,"Smooth nonlinear misspecified",26,"C-index",0.681459493002621,0.682042993822301,-0.00058350081967995,7,18,-11,0.428571428571429,0.222222222222222,0.206349206349207
"survival",4,"Smooth nonlinear misspecified",27,"C-index",0.663212863200015,0.676749692553367,-0.0135368293533523,4,11,-7,0.5,0.454545454545455,0.045454545454545
"survival",4,"Smooth nonlinear misspecified",28,"C-index",0.741600095058772,0.74601027365958,-0.00441017860080806,12,15,-3,0,0,0
"survival",4,"Smooth nonlinear misspecified",29,"C-index",0.719295967951334,0.71500241106866,0.00429355688267352,9,15,-6,0.111111111111111,0.133333333333333,-0.0222222222222219
"survival",4,"Smooth nonlinear misspecified",3,"C-index",0.675764868905663,0.683185647084564,-0.00742077817890086,11,15,-4,0.272727272727273,0.466666666666667,-0.193939393939394
"survival",4,"Smooth nonlinear misspecified",30,"C-index",0.790066370267581,0.79461734391119,-0.00455097364360924,18,25,-7,0.0555555555555556,0.16,-0.104444444444444
"survival",4,"Smooth nonlinear misspecified",31,"C-index",0.70173375476434,0.703421028167705,-0.0016872734033655,4,7,-3,0.5,0.285714285714286,0.214285714285714
"survival",4,"Smooth nonlinear misspecified",32,"C-index",0.657738717339667,0.664935866983373,-0.00719714964370555,4,7,-3,0,0.142857142857143,-0.142857142857143
"survival",4,"Smooth nonlinear misspecified",33,"C-index",0.691933716789921,0.715224139505158,-0.0232904227152374,9,24,-15,0.222222222222222,0.166666666666667,0.0555555555555552
"survival",4,"Smooth nonlinear misspecified",34,"C-index",0.603297216514104,0.662563048757706,-0.0592658322436017,3,9,-6,0,0,0
"survival",4,"Smooth nonlinear misspecified",35,"C-index",0.633913710235455,0.633913710235455,-2.22044604925031e-16,2,2,0,0,0,0
"survival",4,"Smooth nonlinear misspecified",36,"C-index",0.676814556973682,0.691718695323867,-0.0149041383501852,6,12,-6,0.166666666666667,0.333333333333333,-0.166666666666666
"survival",4,"Smooth nonlinear misspecified",37,"C-index",0.704489487528683,0.72358823200194,-0.0190987444732569,7,23,-16,0.142857142857143,0.391304347826087,-0.248447204968944
"survival",4,"Smooth nonlinear misspecified",38,"C-index",0.728376131535193,0.740384260114539,-0.0120081285793459,16,20,-4,0.3125,0.3,0.0125
"survival",4,"Smooth nonlinear misspecified",39,"C-index",0.685645982453174,0.685110560033065,0.000535422420108955,8,10,-2,0.125,0.2,-0.075
"survival",4,"Smooth nonlinear misspecified",4,"C-index",0.694590220889409,0.70058788033938,-0.00599765944997099,12,12,0,0,0,0
"survival",4,"Smooth nonlinear misspecified",40,"C-index",0.671261529861176,0.679055250163049,-0.0077937203018732,5,6,-1,0.2,0.166666666666667,0.033333333333333
"survival",4,"Smooth nonlinear misspecified",41,"C-index",0.701071350683338,0.698354354463507,0.00271699621983112,5,6,-1,0,0,0
"survival",4,"Smooth nonlinear misspecified",42,"C-index",0.705857692747437,0.714918632569839,-0.00906093982240197,4,8,-4,0,0.25,-0.25
"survival",4,"Smooth nonlinear misspecified",43,"C-index",0.685907103720815,0.692698688455738,-0.00679158473492325,6,14,-8,0,0,0
"survival",4,"Smooth nonlinear misspecified",44,"C-index",0.7059318604095,0.730674773266616,-0.0247429128571162,4,9,-5,0.25,0.222222222222222,0.027777777777778
"survival",4,"Smooth nonlinear misspecified",45,"C-index",0.698683027687882,0.712585400934916,-0.0139023732470339,8,23,-15,0.125,0.260869565217391,-0.135869565217391
"survival",4,"Smooth nonlinear misspecified",46,"C-index",0.652343025627712,0.672954604457961,-0.0206115788302489,4,7,-3,0.75,0.428571428571429,0.321428571428571
"survival",4,"Smooth nonlinear misspecified",47,"C-index",0.676399492834925,0.681630772879439,-0.0052312800445139,7,8,-1,0.285714285714286,0.125,0.160714285714286
"survival",4,"Smooth nonlinear misspecified",48,"C-index",0.697246784565916,0.722408469745688,-0.0251616851797716,11,19,-8,0.0909090909090909,0.210526315789474,-0.119617224880383
"survival",4,"Smooth nonlinear misspecified",49,"C-index",0.702229836247824,0.709528973291173,-0.00729913704334861,16,14,2,0,0,0
"survival",4,"Smooth nonlinear misspecified",5,"C-index",0.65876904304097,0.694433145984322,-0.0356641029433518,5,12,-7,0.2,0.583333333333333,-0.383333333333333
"survival",4,"Smooth nonlinear misspecified",50,"C-index",0.660622601990695,0.66149376285889,-0.000871160868194831,3,11,-8,0,0.0909090909090909,-0.0909090909090909
"survival",4,"Smooth nonlinear misspecified",51,"C-index",0.732637240220607,0.740133861718836,-0.00749662149822894,11,20,-9,0,0,0
"survival",4,"Smooth nonlinear misspecified",52,"C-index",0.732043358372159,0.741508985452125,-0.00946562707996557,13,13,0,0,0,0
"survival",4,"Smooth nonlinear misspecified",53,"C-index",0.696621867732626,0.729296448151227,-0.0326745804186009,5,7,-2,0.4,0.428571428571429,-0.028571428571429
"survival",4,"Smooth nonlinear misspecified",54,"C-index",0.698427796628772,0.709654554267997,-0.0112267576392253,4,7,-3,0.5,0.285714285714286,0.214285714285714
"survival",4,"Smooth nonlinear misspecified",55,"C-index",0.707628827182065,0.708345653790669,-0.00071682660860406,7,10,-3,0,0.2,-0.2
"survival",4,"Smooth nonlinear misspecified",56,"C-index",0.649458397371594,0.658376204456143,-0.00891780708454926,6,13,-7,0.166666666666667,0.461538461538462,-0.294871794871795
"survival",4,"Smooth nonlinear misspecified",57,"C-index",0.719918344878205,0.726547089316024,-0.00662874443781858,12,14,-2,0,0,0
"survival",4,"Smooth nonlinear misspecified",58,"C-index",0.734351974653699,0.737907088122605,-0.00355511346890613,15,19,-4,0.333333333333333,0.368421052631579,-0.0350877192982457
"survival",4,"Smooth nonlinear misspecified",59,"C-index",0.70741909512396,0.73195198919109,-0.0245328940671299,5,17,-12,0.2,0.352941176470588,-0.152941176470588
"survival",4,"Smooth nonlinear misspecified",6,"C-index",0.681530489497548,0.687087073193301,-0.00555658369575307,5,11,-6,0,0.0909090909090909,-0.0909090909090909
"survival",4,"Smooth nonlinear misspecified",60,"C-index",0.737473008139084,0.752800693944595,-0.0153276858055108,15,22,-7,0.333333333333333,0.0909090909090909,0.242424242424242
"survival",4,"Smooth nonlinear misspecified",61,"C-index",0.657614047358298,0.673875631551339,-0.0162615841930411,3,11,-8,0,0,0
"survival",4,"Smooth nonlinear misspecified",62,"C-index",0.730915442804073,0.7326237175909,-0.001708274786827,7,9,-2,0.285714285714286,0.222222222222222,0.0634920634920637
"survival",4,"Smooth nonlinear misspecified",63,"C-index",0.700425163807701,0.706636972686446,-0.00621180887874517,5,14,-9,0,0.214285714285714,-0.214285714285714
"survival",4,"Smooth nonlinear misspecified",64,"C-index",0.613605311178968,0.632541058017661,-0.018935746838693,3,16,-13,0.666666666666667,0.5,0.166666666666667
"survival",4,"Smooth nonlinear misspecified",65,"C-index",0.645076038151674,0.657064735306759,-0.0119886971550851,2,9,-7,0,0,0
"survival",4,"Smooth nonlinear misspecified",66,"C-index",0.675787652522309,0.679106720087416,-0.0033190675651068,7,11,-4,0,0,0
"survival",4,"Smooth nonlinear misspecified",67,"C-index",0.675563193083264,0.686182638348146,-0.010619445264882,6,9,-3,0,0,0
"survival",4,"Smooth nonlinear misspecified",68,"C-index",0.694715352851111,0.705795016934997,-0.0110796640838858,7,18,-11,0,0.166666666666667,-0.166666666666667
"survival",4,"Smooth nonlinear misspecified",69,"C-index",0.718233005264363,0.74240329594873,-0.0241702906843674,7,15,-8,0.571428571428571,0.4,0.171428571428571
"survival",4,"Smooth nonlinear misspecified",7,"C-index",0.72670302512264,0.732068529805262,-0.00536550468262198,4,20,-16,0.25,0.35,-0.1
"survival",4,"Smooth nonlinear misspecified",70,"C-index",0.714070295628863,0.748189552461092,-0.0341192568322291,8,15,-7,0,0.133333333333333,-0.133333333333333
"survival",4,"Smooth nonlinear misspecified",71,"C-index",0.64104237845245,0.682920844791348,-0.0418784663388976,1,4,-3,0,0.25,-0.25
"survival",4,"Smooth nonlinear misspecified",72,"C-index",0.717173583650541,0.697189474851251,0.0199841087992904,10,9,1,0.5,0.444444444444444,0.055555555555556
"survival",4,"Smooth nonlinear misspecified",73,"C-index",0.715220682215796,0.728781602110282,-0.0135609198944857,12,16,-4,0,0.125,-0.125
"survival",4,"Smooth nonlinear misspecified",74,"C-index",0.716317226266528,0.735324431733769,-0.019007205467241,8,13,-5,0.125,0.153846153846154,-0.028846153846154
"survival",4,"Smooth nonlinear misspecified",75,"C-index",0.706446727666791,0.703136760585093,0.00330996708169762,10,22,-12,0.3,0.272727272727273,0.027272727272727
"survival",4,"Smooth nonlinear misspecified",76,"C-index",0.702108200863646,0.713893760253437,-0.0117855593897912,10,8,2,0,0,0
"survival",4,"Smooth nonlinear misspecified",77,"C-index",0.640896138444207,0.67248724332819,-0.0315911048839833,1,6,-5,0,0.166666666666667,-0.166666666666667
"survival",4,"Smooth nonlinear misspecified",78,"C-index",0.708683309300649,0.723850937274694,-0.0151676279740451,11,14,-3,0.636363636363636,0.5,0.136363636363636
"survival",4,"Smooth nonlinear misspecified",79,"C-index",0.658829676071055,0.662829084251117,-0.00399940818006161,4,9,-5,0.75,0.444444444444444,0.305555555555556
"survival",4,"Smooth nonlinear misspecified",8,"C-index",0.65388165363706,0.678174870550012,-0.0242932169129519,5,5,0,0,0,0
"survival",4,"Smooth nonlinear misspecified",80,"C-index",0.714418136304606,0.717594248179029,-0.00317611187442335,11,23,-12,0.0909090909090909,0.173913043478261,-0.0830039525691701
"survival",4,"Smooth nonlinear misspecified",81,"C-index",0.735666567419703,0.736610964308311,-0.000944396888607923,12,12,0,0,0,0
"survival",4,"Smooth nonlinear misspecified",82,"C-index",0.693636961081753,0.697719640976242,-0.00408267989448929,4,5,-1,0,0,0
"survival",4,"Smooth nonlinear misspecified",83,"C-index",0.670620312313525,0.670858999899017,-0.000238687585491726,3,14,-11,0,0.0714285714285714,-0.0714285714285714
"survival",4,"Smooth nonlinear misspecified",84,"C-index",0.705672749357095,0.736138393068959,-0.0304656437118643,4,24,-20,0.25,0.333333333333333,-0.083333333333333
"survival",4,"Smooth nonlinear misspecified",85,"C-index",0.699109907120743,0.714315285477716,-0.015205378356973,5,20,-15,0,0.25,-0.25
"survival",4,"Smooth nonlinear misspecified",86,"C-index",0.696310860893428,0.700790260370989,-0.00447939947756104,6,9,-3,0.166666666666667,0.111111111111111,0.0555555555555557
"survival",4,"Smooth nonlinear misspecified",87,"C-index",0.691167928391182,0.691282197781269,-0.000114269390086741,7,9,-2,0.142857142857143,0,0.142857142857143
"survival",4,"Smooth nonlinear misspecified",88,"C-index",0.698441482980957,0.702274516419253,-0.00383303343829633,4,18,-14,0,0.166666666666667,-0.166666666666667
"survival",4,"Smooth nonlinear misspecified",89,"C-index",0.677549944018284,0.704245357218865,-0.0266954132005808,2,11,-9,0,0.272727272727273,-0.272727272727273
"survival",4,"Smooth nonlinear misspecified",9,"C-index",0.639734353688566,0.66708164367511,-0.0273472899865442,3,5,-2,0.666666666666667,0.4,0.266666666666667
"survival",4,"Smooth nonlinear misspecified",90,"C-index",0.680988264590283,0.696412476886911,-0.0154242122966283,4,8,-4,0,0.5,-0.5
"survival",4,"Smooth nonlinear misspecified",91,"C-index",0.676576533307718,0.681826041016282,-0.00524950770856381,9,13,-4,0,0.153846153846154,-0.153846153846154
"survival",4,"Smooth nonlinear misspecified",92,"C-index",0.681151193882817,0.737369235821176,-0.0562180419383594,2,16,-14,0,0.4375,-0.4375
"survival",4,"Smooth nonlinear misspecified",93,"C-index",0.67431310255166,0.671012515678932,0.00330058687272827,4,4,0,0,0,0
"survival",4,"Smooth nonlinear misspecified",94,"C-index",0.5,0.636319903788334,-0.136319903788334,0,7,-7,NA,0.857142857142857,NA
"survival",4,"Smooth nonlinear misspecified",95,"C-index",0.71377418934272,0.720348848037846,-0.00657465869512563,6,15,-9,0,0.133333333333333,-0.133333333333333
"survival",4,"Smooth nonlinear misspecified",96,"C-index",0.724935149156939,0.740476190476191,-0.0155410413192519,12,19,-7,0.333333333333333,0.315789473684211,0.0175438596491223
"survival",4,"Smooth nonlinear misspecified",97,"C-index",0.720581916682234,0.733831496357183,-0.0132495796749488,12,20,-8,0.25,0.4,-0.15
"survival",4,"Smooth nonlinear misspecified",98,"C-index",0.647117332673286,0.65836564817616,-0.0112483155028744,6,9,-3,0,0,0
"survival",4,"Smooth nonlinear misspecified",99,"C-index",0.653145710646311,0.68255367461094,-0.0294079639646294,2,6,-4,0,0,0
