"Sim","Outcome","Scenario","Scenario_name","method","fit_ok","metric_name","metric_value","elapsed_time","error_message","n_rules_total","n_rule_terms_selected","n_linear_selected","n_rules_deg1","n_rules_deg2","n_rules_deg3","n_rules_deg4","n_rules_deg5plus","prop_deg1","prop_deg2","prop_deg_le2","avg_rule_degree"
1,"continuous",1,"Purely rule-based","RuleFit (max depth 2)",TRUE,"MSE",1.4078501755732,13.12,NA,50,50,0,2,48,0,0,0,0.04,0.96,1,1.96
2,"continuous",1,"Purely rule-based","RuleFit (max depth 2)",TRUE,"MSE",1.21152477480202,13.08,NA,63,63,0,4,59,0,0,0,0.0634920634920635,0.936507936507937,1,1.93650793650794
3,"continuous",1,"Purely rule-based","RuleFit (max depth 2)",TRUE,"MSE",1.24089098500326,13.56,NA,63,63,0,2,61,0,0,0,0.0317460317460317,0.968253968253968,1,1.96825396825397
4,"continuous",1,"Purely rule-based","RuleFit (max depth 2)",TRUE,"MSE",1.45333317590117,13.64,NA,69,69,0,4,65,0,0,0,0.0579710144927536,0.942028985507246,1,1.94202898550725
5,"continuous",1,"Purely rule-based","RuleFit (max depth 2)",TRUE,"MSE",1.21892028345826,13.36,NA,63,63,0,4,59,0,0,0,0.0634920634920635,0.936507936507937,1,1.93650793650794
6,"continuous",1,"Purely rule-based","RuleFit (max depth 2)",TRUE,"MSE",1.34585156647392,12.85,NA,72,72,0,2,70,0,0,0,0.0277777777777778,0.972222222222222,1,1.97222222222222
7,"continuous",1,"Purely rule-based","RuleFit (max depth 2)",TRUE,"MSE",1.36126468627522,12.93,NA,63,63,0,1,62,0,0,0,0.0158730158730159,0.984126984126984,1,1.98412698412698
8,"continuous",1,"Purely rule-based","RuleFit (max depth 2)",TRUE,"MSE",1.18099209464863,12.88,NA,59,59,0,2,57,0,0,0,0.0338983050847458,0.966101694915254,1,1.96610169491525
9,"continuous",1,"Purely rule-based","RuleFit (max depth 2)",TRUE,"MSE",1.20881184113414,12.46,NA,62,62,0,4,58,0,0,0,0.0645161290322581,0.935483870967742,1,1.93548387096774
10,"continuous",1,"Purely rule-based","RuleFit (max depth 2)",TRUE,"MSE",1.1599491689231,12.44,NA,67,67,0,2,65,0,0,0,0.0298507462686567,0.970149253731343,1,1.97014925373134
11,"continuous",1,"Purely rule-based","RuleFit (max depth 2)",TRUE,"MSE",1.06225531532564,12.67,NA,65,65,0,3,62,0,0,0,0.0461538461538462,0.953846153846154,1,1.95384615384615
12,"continuous",1,"Purely rule-based","RuleFit (max depth 2)",TRUE,"MSE",1.14005807764819,13.23,NA,59,59,0,4,55,0,0,0,0.0677966101694915,0.932203389830508,1,1.93220338983051
13,"continuous",1,"Purely rule-based","RuleFit (max depth 2)",TRUE,"MSE",1.27983663121439,12.75,NA,69,69,0,8,61,0,0,0,0.115942028985507,0.884057971014493,1,1.88405797101449
14,"continuous",1,"Purely rule-based","RuleFit (max depth 2)",TRUE,"MSE",1.51711965295945,13.31,NA,77,77,0,4,73,0,0,0,0.051948051948052,0.948051948051948,1,1.94805194805195
15,"continuous",1,"Purely rule-based","RuleFit (max depth 2)",TRUE,"MSE",1.23713853677661,12.69,NA,74,74,0,4,70,0,0,0,0.0540540540540541,0.945945945945946,1,1.94594594594595
16,"continuous",1,"Purely rule-based","RuleFit (max depth 2)",TRUE,"MSE",1.19966274203159,12.73,NA,60,60,0,1,59,0,0,0,0.0166666666666667,0.983333333333333,1,1.98333333333333
17,"continuous",1,"Purely rule-based","RuleFit (max depth 2)",TRUE,"MSE",1.13520830039451,12.75,NA,63,63,0,2,61,0,0,0,0.0317460317460317,0.968253968253968,1,1.96825396825397
18,"continuous",1,"Purely rule-based","RuleFit (max depth 2)",TRUE,"MSE",1.31766842122437,12.83,NA,58,58,0,4,54,0,0,0,0.0689655172413793,0.931034482758621,1,1.93103448275862
19,"continuous",1,"Purely rule-based","RuleFit (max depth 2)",TRUE,"MSE",1.18326334808509,12.17,NA,66,66,0,5,61,0,0,0,0.0757575757575758,0.924242424242424,1,1.92424242424242
20,"continuous",1,"Purely rule-based","RuleFit (max depth 2)",TRUE,"MSE",1.26806202122233,12.62,NA,67,67,0,0,67,0,0,0,0,1,1,2
21,"continuous",1,"Purely rule-based","RuleFit (max depth 2)",TRUE,"MSE",1.0964733606064,12.19,NA,56,56,0,2,54,0,0,0,0.0357142857142857,0.964285714285714,1,1.96428571428571
22,"continuous",1,"Purely rule-based","RuleFit (max depth 2)",TRUE,"MSE",1.18435133025544,12.48,NA,64,64,0,6,58,0,0,0,0.09375,0.90625,1,1.90625
23,"continuous",1,"Purely rule-based","RuleFit (max depth 2)",TRUE,"MSE",1.42912526648673,13.7,NA,57,57,0,2,55,0,0,0,0.0350877192982456,0.964912280701754,1,1.96491228070175
24,"continuous",1,"Purely rule-based","RuleFit (max depth 2)",TRUE,"MSE",1.20474918657446,13.06,NA,55,55,0,2,53,0,0,0,0.0363636363636364,0.963636363636364,1,1.96363636363636
25,"continuous",1,"Purely rule-based","RuleFit (max depth 2)",TRUE,"MSE",1.11847056094913,12.95,NA,51,51,0,4,47,0,0,0,0.0784313725490196,0.92156862745098,1,1.92156862745098
26,"continuous",1,"Purely rule-based","RuleFit (max depth 2)",TRUE,"MSE",1.35621643066112,12.56,NA,53,53,0,4,49,0,0,0,0.0754716981132075,0.924528301886792,1,1.92452830188679
27,"continuous",1,"Purely rule-based","RuleFit (max depth 2)",TRUE,"MSE",1.20904399636361,12.58,NA,68,68,0,1,67,0,0,0,0.0147058823529412,0.985294117647059,1,1.98529411764706
28,"continuous",1,"Purely rule-based","RuleFit (max depth 2)",TRUE,"MSE",1.1821002126657,13.33,NA,78,78,0,4,74,0,0,0,0.0512820512820513,0.948717948717949,1,1.94871794871795
29,"continuous",1,"Purely rule-based","RuleFit (max depth 2)",TRUE,"MSE",1.57390678170209,12.97,NA,59,59,0,3,56,0,0,0,0.0508474576271186,0.949152542372881,1,1.94915254237288
30,"continuous",1,"Purely rule-based","RuleFit (max depth 2)",TRUE,"MSE",1.27890141141532,13.02,NA,59,59,0,3,56,0,0,0,0.0508474576271186,0.949152542372881,1,1.94915254237288
31,"continuous",1,"Purely rule-based","RuleFit (max depth 2)",TRUE,"MSE",1.16792315642179,12.25,NA,47,47,0,3,44,0,0,0,0.0638297872340425,0.936170212765957,1,1.93617021276596
32,"continuous",1,"Purely rule-based","RuleFit (max depth 2)",TRUE,"MSE",1.28590414429506,12.7,NA,59,59,0,2,57,0,0,0,0.0338983050847458,0.966101694915254,1,1.96610169491525
33,"continuous",1,"Purely rule-based","RuleFit (max depth 2)",TRUE,"MSE",1.38365697770683,12.66,NA,67,67,0,3,64,0,0,0,0.0447761194029851,0.955223880597015,1,1.95522388059702
34,"continuous",1,"Purely rule-based","RuleFit (max depth 2)",TRUE,"MSE",1.42319469721266,13.44,NA,68,68,0,3,65,0,0,0,0.0441176470588235,0.955882352941177,1,1.95588235294118
35,"continuous",1,"Purely rule-based","RuleFit (max depth 2)",TRUE,"MSE",1.35569377024129,12.97,NA,59,59,0,6,53,0,0,0,0.101694915254237,0.898305084745763,1,1.89830508474576
36,"continuous",1,"Purely rule-based","RuleFit (max depth 2)",TRUE,"MSE",1.37963987235242,13.09,NA,63,63,0,3,60,0,0,0,0.0476190476190476,0.952380952380952,1,1.95238095238095
37,"continuous",1,"Purely rule-based","RuleFit (max depth 2)",TRUE,"MSE",1.28539980466485,12.64,NA,60,60,0,1,59,0,0,0,0.0166666666666667,0.983333333333333,1,1.98333333333333
38,"continuous",1,"Purely rule-based","RuleFit (max depth 2)",TRUE,"MSE",1.27210196624517,13.33,NA,68,68,0,1,67,0,0,0,0.0147058823529412,0.985294117647059,1,1.98529411764706
39,"continuous",1,"Purely rule-based","RuleFit (max depth 2)",TRUE,"MSE",1.31621589799215,12.73,NA,48,48,0,6,42,0,0,0,0.125,0.875,1,1.875
40,"continuous",1,"Purely rule-based","RuleFit (max depth 2)",TRUE,"MSE",1.3310921189705,13.03,NA,57,57,0,4,53,0,0,0,0.0701754385964912,0.929824561403509,1,1.92982456140351
41,"continuous",1,"Purely rule-based","RuleFit (max depth 2)",TRUE,"MSE",1.22790324637377,12.93,NA,69,69,0,2,67,0,0,0,0.0289855072463768,0.971014492753623,1,1.97101449275362
42,"continuous",1,"Purely rule-based","RuleFit (max depth 2)",TRUE,"MSE",1.30518659660882,12.71,NA,59,59,0,4,55,0,0,0,0.0677966101694915,0.932203389830508,1,1.93220338983051
43,"continuous",1,"Purely rule-based","RuleFit (max depth 2)",TRUE,"MSE",1.33727942244189,12.2,NA,54,54,0,4,50,0,0,0,0.0740740740740741,0.925925925925926,1,1.92592592592593
44,"continuous",1,"Purely rule-based","RuleFit (max depth 2)",TRUE,"MSE",1.34310967550743,12.64,NA,55,55,0,3,52,0,0,0,0.0545454545454545,0.945454545454545,1,1.94545454545455
45,"continuous",1,"Purely rule-based","RuleFit (max depth 2)",TRUE,"MSE",1.41016904498217,11.91,NA,62,62,0,4,58,0,0,0,0.0645161290322581,0.935483870967742,1,1.93548387096774
46,"continuous",1,"Purely rule-based","RuleFit (max depth 2)",TRUE,"MSE",1.21248662731044,12.25,NA,61,61,0,6,55,0,0,0,0.0983606557377049,0.901639344262295,1,1.90163934426229
47,"continuous",1,"Purely rule-based","RuleFit (max depth 2)",TRUE,"MSE",1.25445978289127,12.38,NA,54,54,0,3,51,0,0,0,0.0555555555555556,0.944444444444444,1,1.94444444444444
48,"continuous",1,"Purely rule-based","RuleFit (max depth 2)",TRUE,"MSE",1.25618815013432,13.12,NA,55,55,0,3,52,0,0,0,0.0545454545454545,0.945454545454545,1,1.94545454545455
49,"continuous",1,"Purely rule-based","RuleFit (max depth 2)",TRUE,"MSE",1.15345719289698,12.47,NA,57,57,0,2,55,0,0,0,0.0350877192982456,0.964912280701754,1,1.96491228070175
50,"continuous",1,"Purely rule-based","RuleFit (max depth 2)",TRUE,"MSE",1.39439645296157,12.61,NA,66,66,0,4,62,0,0,0,0.0606060606060606,0.939393939393939,1,1.93939393939394
51,"continuous",1,"Purely rule-based","RuleFit (max depth 2)",TRUE,"MSE",1.26038239643569,12.55,NA,50,50,0,4,46,0,0,0,0.08,0.92,1,1.92
52,"continuous",1,"Purely rule-based","RuleFit (max depth 2)",TRUE,"MSE",1.17307028128967,12.24,NA,51,51,0,2,49,0,0,0,0.0392156862745098,0.96078431372549,1,1.96078431372549
53,"continuous",1,"Purely rule-based","RuleFit (max depth 2)",TRUE,"MSE",1.26588065255345,12.49,NA,63,63,0,3,60,0,0,0,0.0476190476190476,0.952380952380952,1,1.95238095238095
54,"continuous",1,"Purely rule-based","RuleFit (max depth 2)",TRUE,"MSE",1.26212537223692,12.22,NA,66,66,0,6,60,0,0,0,0.0909090909090909,0.909090909090909,1,1.90909090909091
55,"continuous",1,"Purely rule-based","RuleFit (max depth 2)",TRUE,"MSE",1.23519235208109,12.25,NA,57,57,0,2,55,0,0,0,0.0350877192982456,0.964912280701754,1,1.96491228070175
56,"continuous",1,"Purely rule-based","RuleFit (max depth 2)",TRUE,"MSE",1.41315142600172,11.84,NA,53,53,0,2,51,0,0,0,0.0377358490566038,0.962264150943396,1,1.9622641509434
57,"continuous",1,"Purely rule-based","RuleFit (max depth 2)",TRUE,"MSE",1.33839494126225,12.35,NA,73,73,0,4,69,0,0,0,0.0547945205479452,0.945205479452055,1,1.94520547945205
58,"continuous",1,"Purely rule-based","RuleFit (max depth 2)",TRUE,"MSE",1.31922601515268,12.56,NA,55,55,0,1,54,0,0,0,0.0181818181818182,0.981818181818182,1,1.98181818181818
59,"continuous",1,"Purely rule-based","RuleFit (max depth 2)",TRUE,"MSE",1.50953517265921,12.56,NA,72,72,0,0,72,0,0,0,0,1,1,2
60,"continuous",1,"Purely rule-based","RuleFit (max depth 2)",TRUE,"MSE",1.2668076117051,12.27,NA,77,77,0,5,72,0,0,0,0.0649350649350649,0.935064935064935,1,1.93506493506494
61,"continuous",1,"Purely rule-based","RuleFit (max depth 2)",TRUE,"MSE",1.16614451068499,11.61,NA,51,51,0,4,47,0,0,0,0.0784313725490196,0.92156862745098,1,1.92156862745098
62,"continuous",1,"Purely rule-based","RuleFit (max depth 2)",TRUE,"MSE",1.29346413368764,12.43,NA,53,53,0,4,49,0,0,0,0.0754716981132075,0.924528301886792,1,1.92452830188679
63,"continuous",1,"Purely rule-based","RuleFit (max depth 2)",TRUE,"MSE",1.10962246359016,12.65,NA,66,66,0,4,62,0,0,0,0.0606060606060606,0.939393939393939,1,1.93939393939394
64,"continuous",1,"Purely rule-based","RuleFit (max depth 2)",TRUE,"MSE",1.19580222873295,12.86,NA,59,59,0,4,55,0,0,0,0.0677966101694915,0.932203389830508,1,1.93220338983051
65,"continuous",1,"Purely rule-based","RuleFit (max depth 2)",TRUE,"MSE",1.36533318281612,12.64,NA,68,68,0,3,65,0,0,0,0.0441176470588235,0.955882352941177,1,1.95588235294118
66,"continuous",1,"Purely rule-based","RuleFit (max depth 2)",TRUE,"MSE",1.20858974287346,12.49,NA,63,63,0,4,59,0,0,0,0.0634920634920635,0.936507936507937,1,1.93650793650794
67,"continuous",1,"Purely rule-based","RuleFit (max depth 2)",TRUE,"MSE",1.29548645642742,12.57,NA,52,52,0,3,49,0,0,0,0.0576923076923077,0.942307692307692,1,1.94230769230769
68,"continuous",1,"Purely rule-based","RuleFit (max depth 2)",TRUE,"MSE",1.15631553539608,12.58,NA,58,58,0,5,53,0,0,0,0.0862068965517241,0.913793103448276,1,1.91379310344828
69,"continuous",1,"Purely rule-based","RuleFit (max depth 2)",TRUE,"MSE",1.29861687024079,12.47,NA,58,58,0,2,56,0,0,0,0.0344827586206897,0.96551724137931,1,1.96551724137931
70,"continuous",1,"Purely rule-based","RuleFit (max depth 2)",TRUE,"MSE",1.21793287931143,12.05,NA,49,49,0,3,46,0,0,0,0.0612244897959184,0.938775510204082,1,1.93877551020408
71,"continuous",1,"Purely rule-based","RuleFit (max depth 2)",TRUE,"MSE",1.24333204794082,12.54,NA,64,64,0,2,62,0,0,0,0.03125,0.96875,1,1.96875
72,"continuous",1,"Purely rule-based","RuleFit (max depth 2)",TRUE,"MSE",1.21568626584898,12.08,NA,53,53,0,3,50,0,0,0,0.0566037735849057,0.943396226415094,1,1.94339622641509
73,"continuous",1,"Purely rule-based","RuleFit (max depth 2)",TRUE,"MSE",1.18407981365308,12.36,NA,61,61,0,1,60,0,0,0,0.0163934426229508,0.983606557377049,1,1.98360655737705
74,"continuous",1,"Purely rule-based","RuleFit (max depth 2)",TRUE,"MSE",1.19181686261215,11.87,NA,66,66,0,3,63,0,0,0,0.0454545454545455,0.954545454545455,1,1.95454545454545
75,"continuous",1,"Purely rule-based","RuleFit (max depth 2)",TRUE,"MSE",1.2496258766529,12.17,NA,61,61,0,1,60,0,0,0,0.0163934426229508,0.983606557377049,1,1.98360655737705
76,"continuous",1,"Purely rule-based","RuleFit (max depth 2)",TRUE,"MSE",1.28034114439329,12.29,NA,64,64,0,4,60,0,0,0,0.0625,0.9375,1,1.9375
77,"continuous",1,"Purely rule-based","RuleFit (max depth 2)",TRUE,"MSE",1.2855764280321,12.41,NA,62,62,0,2,60,0,0,0,0.032258064516129,0.967741935483871,1,1.96774193548387
78,"continuous",1,"Purely rule-based","RuleFit (max depth 2)",TRUE,"MSE",1.24104189818519,12.95,NA,65,65,0,1,64,0,0,0,0.0153846153846154,0.984615384615385,1,1.98461538461538
79,"continuous",1,"Purely rule-based","RuleFit (max depth 2)",TRUE,"MSE",1.25093343687257,12.54,NA,69,69,0,4,65,0,0,0,0.0579710144927536,0.942028985507246,1,1.94202898550725
80,"continuous",1,"Purely rule-based","RuleFit (max depth 2)",TRUE,"MSE",1.31352378110956,12.59,NA,59,59,0,1,58,0,0,0,0.0169491525423729,0.983050847457627,1,1.98305084745763
81,"continuous",1,"Purely rule-based","RuleFit (max depth 2)",TRUE,"MSE",1.11978085525506,12.71,NA,69,69,0,2,67,0,0,0,0.0289855072463768,0.971014492753623,1,1.97101449275362
82,"continuous",1,"Purely rule-based","RuleFit (max depth 2)",TRUE,"MSE",1.309017778426,12.81,NA,70,70,0,5,65,0,0,0,0.0714285714285714,0.928571428571429,1,1.92857142857143
83,"continuous",1,"Purely rule-based","RuleFit (max depth 2)",TRUE,"MSE",1.22901989235978,12.91,NA,69,69,0,1,68,0,0,0,0.0144927536231884,0.985507246376812,1,1.98550724637681
84,"continuous",1,"Purely rule-based","RuleFit (max depth 2)",TRUE,"MSE",1.19773175432269,11.86,NA,72,72,0,2,70,0,0,0,0.0277777777777778,0.972222222222222,1,1.97222222222222
85,"continuous",1,"Purely rule-based","RuleFit (max depth 2)",TRUE,"MSE",1.30897086403248,12.7,NA,71,71,0,2,69,0,0,0,0.028169014084507,0.971830985915493,1,1.97183098591549
86,"continuous",1,"Purely rule-based","RuleFit (max depth 2)",TRUE,"MSE",1.34747067478403,12.36,NA,64,64,0,6,58,0,0,0,0.09375,0.90625,1,1.90625
87,"continuous",1,"Purely rule-based","RuleFit (max depth 2)",TRUE,"MSE",1.28213747252857,12.2,NA,62,62,0,4,58,0,0,0,0.0645161290322581,0.935483870967742,1,1.93548387096774
88,"continuous",1,"Purely rule-based","RuleFit (max depth 2)",TRUE,"MSE",1.42819789519487,12.56,NA,60,60,0,2,58,0,0,0,0.0333333333333333,0.966666666666667,1,1.96666666666667
89,"continuous",1,"Purely rule-based","RuleFit (max depth 2)",TRUE,"MSE",1.28609596947255,12.99,NA,71,71,0,3,68,0,0,0,0.0422535211267606,0.957746478873239,1,1.95774647887324
90,"continuous",1,"Purely rule-based","RuleFit (max depth 2)",TRUE,"MSE",1.2269411350591,12.06,NA,62,62,0,1,61,0,0,0,0.0161290322580645,0.983870967741935,1,1.98387096774194
91,"continuous",1,"Purely rule-based","RuleFit (max depth 2)",TRUE,"MSE",1.18499200970028,12.37,NA,69,69,0,1,68,0,0,0,0.0144927536231884,0.985507246376812,1,1.98550724637681
92,"continuous",1,"Purely rule-based","RuleFit (max depth 2)",TRUE,"MSE",1.21060310919636,12.17,NA,57,57,0,3,54,0,0,0,0.0526315789473684,0.947368421052632,1,1.94736842105263
93,"continuous",1,"Purely rule-based","RuleFit (max depth 2)",TRUE,"MSE",1.32734386475481,12.05,NA,79,79,0,7,72,0,0,0,0.0886075949367089,0.911392405063291,1,1.91139240506329
94,"continuous",1,"Purely rule-based","RuleFit (max depth 2)",TRUE,"MSE",1.2310488386975,12.36,NA,65,65,0,2,63,0,0,0,0.0307692307692308,0.969230769230769,1,1.96923076923077
95,"continuous",1,"Purely rule-based","RuleFit (max depth 2)",TRUE,"MSE",1.347805322467,11.76,NA,62,62,0,2,60,0,0,0,0.032258064516129,0.967741935483871,1,1.96774193548387
96,"continuous",1,"Purely rule-based","RuleFit (max depth 2)",TRUE,"MSE",1.25518028068112,12.72,NA,61,61,0,0,61,0,0,0,0,1,1,2
97,"continuous",1,"Purely rule-based","RuleFit (max depth 2)",TRUE,"MSE",1.31437904545664,12.04,NA,66,66,0,4,62,0,0,0,0.0606060606060606,0.939393939393939,1,1.93939393939394
98,"continuous",1,"Purely rule-based","RuleFit (max depth 2)",TRUE,"MSE",1.48224366825879,11.89,NA,62,62,0,4,58,0,0,0,0.0645161290322581,0.935483870967742,1,1.93548387096774
99,"continuous",1,"Purely rule-based","RuleFit (max depth 2)",TRUE,"MSE",1.26775335025062,11.14,NA,63,63,0,1,62,0,0,0,0.0158730158730159,0.984126984126984,1,1.98412698412698
100,"continuous",1,"Purely rule-based","RuleFit (max depth 2)",TRUE,"MSE",1.44828190013605,9.95999999999998,NA,54,54,0,4,50,0,0,0,0.0740740740740741,0.925925925925926,1,1.92592592592593
1,"continuous",2,"Purely linear","RuleFit (max depth 2)",TRUE,"MSE",1.51810261724327,14.92,NA,129,129,0,7,122,0,0,0,0.0542635658914729,0.945736434108527,1,1.94573643410853
2,"continuous",2,"Purely linear","RuleFit (max depth 2)",TRUE,"MSE",1.40304348291877,15.3,NA,117,117,0,0,117,0,0,0,0,1,1,2
3,"continuous",2,"Purely linear","RuleFit (max depth 2)",TRUE,"MSE",1.60736143439481,15.11,NA,96,96,0,1,95,0,0,0,0.0104166666666667,0.989583333333333,1,1.98958333333333
4,"continuous",2,"Purely linear","RuleFit (max depth 2)",TRUE,"MSE",1.45746353411954,15.28,NA,99,99,0,1,98,0,0,0,0.0101010101010101,0.98989898989899,1,1.98989898989899
5,"continuous",2,"Purely linear","RuleFit (max depth 2)",TRUE,"MSE",1.4279040759674,15.32,NA,112,112,0,2,110,0,0,0,0.0178571428571429,0.982142857142857,1,1.98214285714286
6,"continuous",2,"Purely linear","RuleFit (max depth 2)",TRUE,"MSE",1.45605975371112,14.61,NA,120,120,0,3,117,0,0,0,0.025,0.975,1,1.975
7,"continuous",2,"Purely linear","RuleFit (max depth 2)",TRUE,"MSE",1.36857255998533,14.71,NA,111,111,0,1,110,0,0,0,0.00900900900900901,0.990990990990991,1,1.99099099099099
8,"continuous",2,"Purely linear","RuleFit (max depth 2)",TRUE,"MSE",1.26430832154556,14.06,NA,108,108,0,5,103,0,0,0,0.0462962962962963,0.953703703703704,1,1.9537037037037
9,"continuous",2,"Purely linear","RuleFit (max depth 2)",TRUE,"MSE",1.403732033702,14.85,NA,101,101,0,6,95,0,0,0,0.0594059405940594,0.940594059405941,1,1.94059405940594
10,"continuous",2,"Purely linear","RuleFit (max depth 2)",TRUE,"MSE",1.40858912820727,14.3,NA,104,104,0,2,102,0,0,0,0.0192307692307692,0.980769230769231,1,1.98076923076923
11,"continuous",2,"Purely linear","RuleFit (max depth 2)",TRUE,"MSE",1.23231250803919,14.11,NA,107,107,0,1,106,0,0,0,0.00934579439252336,0.990654205607477,1,1.99065420560748
12,"continuous",2,"Purely linear","RuleFit (max depth 2)",TRUE,"MSE",1.3956447382594,14.69,NA,104,104,0,1,103,0,0,0,0.00961538461538462,0.990384615384615,1,1.99038461538462
13,"continuous",2,"Purely linear","RuleFit (max depth 2)",TRUE,"MSE",1.52704397927697,14.55,NA,92,92,0,0,92,0,0,0,0,1,1,2
14,"continuous",2,"Purely linear","RuleFit (max depth 2)",TRUE,"MSE",1.42036857216048,14.44,NA,129,129,0,16,113,0,0,0,0.124031007751938,0.875968992248062,1,1.87596899224806
15,"continuous",2,"Purely linear","RuleFit (max depth 2)",TRUE,"MSE",1.56128738574372,14.71,NA,100,100,0,1,99,0,0,0,0.01,0.99,1,1.99
16,"continuous",2,"Purely linear","RuleFit (max depth 2)",TRUE,"MSE",1.36854830855132,14.41,NA,100,100,0,1,99,0,0,0,0.01,0.99,1,1.99
17,"continuous",2,"Purely linear","RuleFit (max depth 2)",TRUE,"MSE",1.2177366508352,13.75,NA,129,129,0,4,125,0,0,0,0.0310077519379845,0.968992248062015,1,1.96899224806202
18,"continuous",2,"Purely linear","RuleFit (max depth 2)",TRUE,"MSE",1.59870447797941,14.22,NA,91,91,0,0,91,0,0,0,0,1,1,2
19,"continuous",2,"Purely linear","RuleFit (max depth 2)",TRUE,"MSE",1.31621487845193,13.94,NA,116,116,0,2,114,0,0,0,0.0172413793103448,0.982758620689655,1,1.98275862068966
20,"continuous",2,"Purely linear","RuleFit (max depth 2)",TRUE,"MSE",1.57374387566225,14.28,NA,112,112,0,1,111,0,0,0,0.00892857142857143,0.991071428571429,1,1.99107142857143
21,"continuous",2,"Purely linear","RuleFit (max depth 2)",TRUE,"MSE",1.42871350494119,14.46,NA,94,94,0,0,94,0,0,0,0,1,1,2
22,"continuous",2,"Purely linear","RuleFit (max depth 2)",TRUE,"MSE",1.4561134955031,13.98,NA,95,95,0,2,93,0,0,0,0.0210526315789474,0.978947368421053,1,1.97894736842105
23,"continuous",2,"Purely linear","RuleFit (max depth 2)",TRUE,"MSE",1.46245636543965,14.23,NA,98,98,0,0,98,0,0,0,0,1,1,2
24,"continuous",2,"Purely linear","RuleFit (max depth 2)",TRUE,"MSE",1.50927376500271,14.06,NA,94,94,0,2,92,0,0,0,0.0212765957446809,0.978723404255319,1,1.97872340425532
25,"continuous",2,"Purely linear","RuleFit (max depth 2)",TRUE,"MSE",1.26398560902697,14.23,NA,120,120,0,7,113,0,0,0,0.0583333333333333,0.941666666666667,1,1.94166666666667
26,"continuous",2,"Purely linear","RuleFit (max depth 2)",TRUE,"MSE",1.3984692973989,14.11,NA,113,113,0,3,110,0,0,0,0.0265486725663717,0.973451327433628,1,1.97345132743363
27,"continuous",2,"Purely linear","RuleFit (max depth 2)",TRUE,"MSE",1.31878911308225,14.09,NA,108,108,0,2,106,0,0,0,0.0185185185185185,0.981481481481482,1,1.98148148148148
28,"continuous",2,"Purely linear","RuleFit (max depth 2)",TRUE,"MSE",1.37729233081688,14.11,NA,123,123,0,5,118,0,0,0,0.040650406504065,0.959349593495935,1,1.95934959349593
29,"continuous",2,"Purely linear","RuleFit (max depth 2)",TRUE,"MSE",1.47560685136159,14.45,NA,100,100,0,1,99,0,0,0,0.01,0.99,1,1.99
30,"continuous",2,"Purely linear","RuleFit (max depth 2)",TRUE,"MSE",1.42662147517022,14.14,NA,123,123,0,1,122,0,0,0,0.00813008130081301,0.991869918699187,1,1.99186991869919
31,"continuous",2,"Purely linear","RuleFit (max depth 2)",TRUE,"MSE",1.50112985455964,14.19,NA,119,119,0,6,113,0,0,0,0.0504201680672269,0.949579831932773,1,1.94957983193277
32,"continuous",2,"Purely linear","RuleFit (max depth 2)",TRUE,"MSE",1.55806367201773,14.05,NA,103,103,0,2,101,0,0,0,0.0194174757281553,0.980582524271845,1,1.98058252427184
33,"continuous",2,"Purely linear","RuleFit (max depth 2)",TRUE,"MSE",1.37670650650023,14.72,NA,122,122,0,3,119,0,0,0,0.0245901639344262,0.975409836065574,1,1.97540983606557
34,"continuous",2,"Purely linear","RuleFit (max depth 2)",TRUE,"MSE",1.55899313473524,14.64,NA,117,117,0,2,115,0,0,0,0.0170940170940171,0.982905982905983,1,1.98290598290598
35,"continuous",2,"Purely linear","RuleFit (max depth 2)",TRUE,"MSE",1.65451268125953,14.81,NA,116,116,0,2,114,0,0,0,0.0172413793103448,0.982758620689655,1,1.98275862068966
36,"continuous",2,"Purely linear","RuleFit (max depth 2)",TRUE,"MSE",1.40400581157477,14.71,NA,95,95,0,2,93,0,0,0,0.0210526315789474,0.978947368421053,1,1.97894736842105
37,"continuous",2,"Purely linear","RuleFit (max depth 2)",TRUE,"MSE",1.44683970914607,14.15,NA,106,106,0,0,106,0,0,0,0,1,1,2
38,"continuous",2,"Purely linear","RuleFit (max depth 2)",TRUE,"MSE",1.39743457418742,14.89,NA,113,113,0,2,111,0,0,0,0.0176991150442478,0.982300884955752,1,1.98230088495575
39,"continuous",2,"Purely linear","RuleFit (max depth 2)",TRUE,"MSE",1.36989158241692,14.5,NA,94,94,0,1,93,0,0,0,0.0106382978723404,0.98936170212766,1,1.98936170212766
40,"continuous",2,"Purely linear","RuleFit (max depth 2)",TRUE,"MSE",1.38819456176992,14.45,NA,101,101,0,1,100,0,0,0,0.0099009900990099,0.99009900990099,1,1.99009900990099
41,"continuous",2,"Purely linear","RuleFit (max depth 2)",TRUE,"MSE",1.32191575319735,14,NA,114,114,0,2,112,0,0,0,0.0175438596491228,0.982456140350877,1,1.98245614035088
42,"continuous",2,"Purely linear","RuleFit (max depth 2)",TRUE,"MSE",1.47577740178261,14.11,NA,121,121,0,0,121,0,0,0,0,1,1,2
43,"continuous",2,"Purely linear","RuleFit (max depth 2)",TRUE,"MSE",1.68088631136919,13.38,NA,100,100,0,1,99,0,0,0,0.01,0.99,1,1.99
44,"continuous",2,"Purely linear","RuleFit (max depth 2)",TRUE,"MSE",1.64505308432351,14.16,NA,120,120,0,7,113,0,0,0,0.0583333333333333,0.941666666666667,1,1.94166666666667
45,"continuous",2,"Purely linear","RuleFit (max depth 2)",TRUE,"MSE",1.40443907361392,13.96,NA,87,87,0,0,87,0,0,0,0,1,1,2
46,"continuous",2,"Purely linear","RuleFit (max depth 2)",TRUE,"MSE",1.40129819370107,13.69,NA,101,101,0,0,101,0,0,0,0,1,1,2
47,"continuous",2,"Purely linear","RuleFit (max depth 2)",TRUE,"MSE",1.50109978473592,14.19,NA,105,105,0,0,105,0,0,0,0,1,1,2
48,"continuous",2,"Purely linear","RuleFit (max depth 2)",TRUE,"MSE",1.48290271629788,13.93,NA,104,104,0,2,102,0,0,0,0.0192307692307692,0.980769230769231,1,1.98076923076923
49,"continuous",2,"Purely linear","RuleFit (max depth 2)",TRUE,"MSE",1.3454501709238,13.73,NA,113,113,0,1,112,0,0,0,0.00884955752212389,0.991150442477876,1,1.99115044247788
50,"continuous",2,"Purely linear","RuleFit (max depth 2)",TRUE,"MSE",1.67111023286217,14.18,NA,97,97,0,1,96,0,0,0,0.0103092783505155,0.989690721649485,1,1.98969072164948
51,"continuous",2,"Purely linear","RuleFit (max depth 2)",TRUE,"MSE",1.41699027532964,13.81,NA,113,113,0,1,112,0,0,0,0.00884955752212389,0.991150442477876,1,1.99115044247788
52,"continuous",2,"Purely linear","RuleFit (max depth 2)",TRUE,"MSE",1.28525990770742,13.7,NA,98,98,0,0,98,0,0,0,0,1,1,2
53,"continuous",2,"Purely linear","RuleFit (max depth 2)",TRUE,"MSE",1.49973995797756,13.71,NA,128,128,0,3,125,0,0,0,0.0234375,0.9765625,1,1.9765625
54,"continuous",2,"Purely linear","RuleFit (max depth 2)",TRUE,"MSE",1.24465160132039,14,NA,133,133,0,4,129,0,0,0,0.0300751879699248,0.969924812030075,1,1.96992481203008
55,"continuous",2,"Purely linear","RuleFit (max depth 2)",TRUE,"MSE",1.52298984054279,13.64,NA,111,111,0,2,109,0,0,0,0.018018018018018,0.981981981981982,1,1.98198198198198
56,"continuous",2,"Purely linear","RuleFit (max depth 2)",TRUE,"MSE",1.56223467722246,13.69,NA,93,93,0,0,93,0,0,0,0,1,1,2
57,"continuous",2,"Purely linear","RuleFit (max depth 2)",TRUE,"MSE",1.4947108148275,13.47,NA,108,108,0,2,106,0,0,0,0.0185185185185185,0.981481481481482,1,1.98148148148148
58,"continuous",2,"Purely linear","RuleFit (max depth 2)",TRUE,"MSE",1.51817377469751,13.87,NA,103,103,0,0,103,0,0,0,0,1,1,2
59,"continuous",2,"Purely linear","RuleFit (max depth 2)",TRUE,"MSE",1.52400039742174,13.55,NA,120,120,0,3,117,0,0,0,0.025,0.975,1,1.975
60,"continuous",2,"Purely linear","RuleFit (max depth 2)",TRUE,"MSE",1.1949921733943,13.78,NA,115,115,0,2,113,0,0,0,0.0173913043478261,0.982608695652174,1,1.98260869565217
61,"continuous",2,"Purely linear","RuleFit (max depth 2)",TRUE,"MSE",1.44061643470932,13.69,NA,107,107,0,5,102,0,0,0,0.0467289719626168,0.953271028037383,1,1.95327102803738
62,"continuous",2,"Purely linear","RuleFit (max depth 2)",TRUE,"MSE",1.36228766492402,13.78,NA,107,107,0,2,105,0,0,0,0.0186915887850467,0.981308411214953,1,1.98130841121495
63,"continuous",2,"Purely linear","RuleFit (max depth 2)",TRUE,"MSE",1.38516484973866,13.82,NA,113,113,0,1,112,0,0,0,0.00884955752212389,0.991150442477876,1,1.99115044247788
64,"continuous",2,"Purely linear","RuleFit (max depth 2)",TRUE,"MSE",1.27425684851443,14.33,NA,110,110,0,4,106,0,0,0,0.0363636363636364,0.963636363636364,1,1.96363636363636
65,"continuous",2,"Purely linear","RuleFit (max depth 2)",TRUE,"MSE",1.27903349721288,13.67,NA,116,116,0,1,115,0,0,0,0.00862068965517241,0.991379310344828,1,1.99137931034483
66,"continuous",2,"Purely linear","RuleFit (max depth 2)",TRUE,"MSE",1.27786987693539,14.12,NA,102,102,0,1,101,0,0,0,0.00980392156862745,0.990196078431373,1,1.99019607843137
67,"continuous",2,"Purely linear","RuleFit (max depth 2)",TRUE,"MSE",1.58960893952952,13.42,NA,107,107,0,2,105,0,0,0,0.0186915887850467,0.981308411214953,1,1.98130841121495
68,"continuous",2,"Purely linear","RuleFit (max depth 2)",TRUE,"MSE",1.4039217533091,13.69,NA,107,107,0,0,107,0,0,0,0,1,1,2
69,"continuous",2,"Purely linear","RuleFit (max depth 2)",TRUE,"MSE",1.49646569154115,13.98,NA,105,105,0,3,102,0,0,0,0.0285714285714286,0.971428571428571,1,1.97142857142857
70,"continuous",2,"Purely linear","RuleFit (max depth 2)",TRUE,"MSE",1.35707148029196,14.1,NA,114,114,0,4,110,0,0,0,0.0350877192982456,0.964912280701754,1,1.96491228070175
71,"continuous",2,"Purely linear","RuleFit (max depth 2)",TRUE,"MSE",1.28937395218891,13.89,NA,105,105,0,5,100,0,0,0,0.0476190476190476,0.952380952380952,1,1.95238095238095
72,"continuous",2,"Purely linear","RuleFit (max depth 2)",TRUE,"MSE",1.56053526083414,13.56,NA,89,89,0,1,88,0,0,0,0.0112359550561798,0.98876404494382,1,1.98876404494382
73,"continuous",2,"Purely linear","RuleFit (max depth 2)",TRUE,"MSE",1.28907477147702,13.59,NA,123,123,0,1,122,0,0,0,0.00813008130081301,0.991869918699187,1,1.99186991869919
74,"continuous",2,"Purely linear","RuleFit (max depth 2)",TRUE,"MSE",1.43915102460771,13.64,NA,101,101,0,1,100,0,0,0,0.0099009900990099,0.99009900990099,1,1.99009900990099
75,"continuous",2,"Purely linear","RuleFit (max depth 2)",TRUE,"MSE",1.63721527807076,14.25,NA,110,110,0,1,109,0,0,0,0.00909090909090909,0.990909090909091,1,1.99090909090909
76,"continuous",2,"Purely linear","RuleFit (max depth 2)",TRUE,"MSE",1.46120244203642,13.65,NA,111,111,0,2,109,0,0,0,0.018018018018018,0.981981981981982,1,1.98198198198198
77,"continuous",2,"Purely linear","RuleFit (max depth 2)",TRUE,"MSE",1.32213868716751,13.48,NA,97,97,0,1,96,0,0,0,0.0103092783505155,0.989690721649485,1,1.98969072164948
78,"continuous",2,"Purely linear","RuleFit (max depth 2)",TRUE,"MSE",1.55498381937151,13.62,NA,118,118,0,2,116,0,0,0,0.0169491525423729,0.983050847457627,1,1.98305084745763
79,"continuous",2,"Purely linear","RuleFit (max depth 2)",TRUE,"MSE",1.29982100465421,13.71,NA,104,104,0,1,103,0,0,0,0.00961538461538462,0.990384615384615,1,1.99038461538462
80,"continuous",2,"Purely linear","RuleFit (max depth 2)",TRUE,"MSE",1.68061389788596,13.87,NA,97,97,0,0,97,0,0,0,0,1,1,2
81,"continuous",2,"Purely linear","RuleFit (max depth 2)",TRUE,"MSE",1.13499667461468,13.34,NA,121,121,0,0,121,0,0,0,0,1,1,2
82,"continuous",2,"Purely linear","RuleFit (max depth 2)",TRUE,"MSE",1.51557606906725,13.85,NA,108,108,0,0,108,0,0,0,0,1,1,2
83,"continuous",2,"Purely linear","RuleFit (max depth 2)",TRUE,"MSE",1.45527041601678,13.53,NA,100,100,0,1,99,0,0,0,0.01,0.99,1,1.99
84,"continuous",2,"Purely linear","RuleFit (max depth 2)",TRUE,"MSE",1.5010880411314,13.66,NA,111,111,0,1,110,0,0,0,0.00900900900900901,0.990990990990991,1,1.99099099099099
85,"continuous",2,"Purely linear","RuleFit (max depth 2)",TRUE,"MSE",1.61166137748304,13.78,NA,112,112,0,2,110,0,0,0,0.0178571428571429,0.982142857142857,1,1.98214285714286
86,"continuous",2,"Purely linear","RuleFit (max depth 2)",TRUE,"MSE",1.48259137923608,13.89,NA,104,104,0,3,101,0,0,0,0.0288461538461538,0.971153846153846,1,1.97115384615385
87,"continuous",2,"Purely linear","RuleFit (max depth 2)",TRUE,"MSE",1.51065227337211,13.64,NA,111,111,0,3,108,0,0,0,0.027027027027027,0.972972972972973,1,1.97297297297297
88,"continuous",2,"Purely linear","RuleFit (max depth 2)",TRUE,"MSE",1.57944287991714,13.66,NA,100,100,0,1,99,0,0,0,0.01,0.99,1,1.99
89,"continuous",2,"Purely linear","RuleFit (max depth 2)",TRUE,"MSE",1.48289159855167,13.81,NA,106,106,0,2,104,0,0,0,0.0188679245283019,0.981132075471698,1,1.9811320754717
90,"continuous",2,"Purely linear","RuleFit (max depth 2)",TRUE,"MSE",1.45014452571798,13.26,NA,96,96,0,0,96,0,0,0,0,1,1,2
91,"continuous",2,"Purely linear","RuleFit (max depth 2)",TRUE,"MSE",1.46300858536299,14.04,NA,126,126,0,4,122,0,0,0,0.0317460317460317,0.968253968253968,1,1.96825396825397
92,"continuous",2,"Purely linear","RuleFit (max depth 2)",TRUE,"MSE",1.40751119311692,14.14,NA,117,117,0,3,114,0,0,0,0.0256410256410256,0.974358974358974,1,1.97435897435897
93,"continuous",2,"Purely linear","RuleFit (max depth 2)",TRUE,"MSE",1.65692709779044,13.95,NA,101,101,0,2,99,0,0,0,0.0198019801980198,0.98019801980198,1,1.98019801980198
94,"continuous",2,"Purely linear","RuleFit (max depth 2)",TRUE,"MSE",1.53145708758285,13.39,NA,91,91,0,0,91,0,0,0,0,1,1,2
95,"continuous",2,"Purely linear","RuleFit (max depth 2)",TRUE,"MSE",1.63772299968792,13.81,NA,102,102,0,1,101,0,0,0,0.00980392156862745,0.990196078431373,1,1.99019607843137
96,"continuous",2,"Purely linear","RuleFit (max depth 2)",TRUE,"MSE",1.40274027796943,13.61,NA,105,105,0,0,105,0,0,0,0,1,1,2
97,"continuous",2,"Purely linear","RuleFit (max depth 2)",TRUE,"MSE",1.32934673716116,13.38,NA,103,103,0,1,102,0,0,0,0.00970873786407767,0.990291262135922,1,1.99029126213592
98,"continuous",2,"Purely linear","RuleFit (max depth 2)",TRUE,"MSE",1.63669540408381,13.2,NA,97,97,0,2,95,0,0,0,0.0206185567010309,0.979381443298969,1,1.97938144329897
99,"continuous",2,"Purely linear","RuleFit (max depth 2)",TRUE,"MSE",1.45973286358949,11.22,NA,117,117,0,2,115,0,0,0,0.0170940170940171,0.982905982905983,1,1.98290598290598
100,"continuous",2,"Purely linear","RuleFit (max depth 2)",TRUE,"MSE",1.70120344691489,9.81,NA,99,99,0,1,98,0,0,0,0.0101010101010101,0.98989898989899,1,1.98989898989899
1,"continuous",3,"Mixed linear and rule-based","RuleFit (max depth 2)",TRUE,"MSE",1.42064375301967,14.89,NA,120,120,0,5,115,0,0,0,0.0416666666666667,0.958333333333333,1,1.95833333333333
2,"continuous",3,"Mixed linear and rule-based","RuleFit (max depth 2)",TRUE,"MSE",1.36396438607243,15.01,NA,102,102,0,2,100,0,0,0,0.0196078431372549,0.980392156862745,1,1.98039215686275
3,"continuous",3,"Mixed linear and rule-based","RuleFit (max depth 2)",TRUE,"MSE",1.41140202187133,14.75,NA,89,89,0,2,87,0,0,0,0.0224719101123595,0.97752808988764,1,1.97752808988764
4,"continuous",3,"Mixed linear and rule-based","RuleFit (max depth 2)",TRUE,"MSE",1.41615743900538,14.7,NA,91,91,0,0,91,0,0,0,0,1,1,2
5,"continuous",3,"Mixed linear and rule-based","RuleFit (max depth 2)",TRUE,"MSE",1.28178039750623,14.71,NA,96,96,0,1,95,0,0,0,0.0104166666666667,0.989583333333333,1,1.98958333333333
6,"continuous",3,"Mixed linear and rule-based","RuleFit (max depth 2)",TRUE,"MSE",1.38559641381871,13.43,NA,92,92,0,2,90,0,0,0,0.0217391304347826,0.978260869565217,1,1.97826086956522
7,"continuous",3,"Mixed linear and rule-based","RuleFit (max depth 2)",TRUE,"MSE",1.29952043601724,14.25,NA,105,105,0,0,105,0,0,0,0,1,1,2
8,"continuous",3,"Mixed linear and rule-based","RuleFit (max depth 2)",TRUE,"MSE",1.23925235278822,13.72,NA,89,89,0,1,88,0,0,0,0.0112359550561798,0.98876404494382,1,1.98876404494382
9,"continuous",3,"Mixed linear and rule-based","RuleFit (max depth 2)",TRUE,"MSE",1.33248984888392,13.91,NA,94,94,0,1,93,0,0,0,0.0106382978723404,0.98936170212766,1,1.98936170212766
10,"continuous",3,"Mixed linear and rule-based","RuleFit (max depth 2)",TRUE,"MSE",1.25509029509433,13.98,NA,106,106,0,1,105,0,0,0,0.00943396226415094,0.990566037735849,1,1.99056603773585
11,"continuous",3,"Mixed linear and rule-based","RuleFit (max depth 2)",TRUE,"MSE",1.16984270701187,14.06,NA,101,101,0,1,100,0,0,0,0.0099009900990099,0.99009900990099,1,1.99009900990099
12,"continuous",3,"Mixed linear and rule-based","RuleFit (max depth 2)",TRUE,"MSE",1.26289418552198,14.39,NA,90,90,0,0,90,0,0,0,0,1,1,2
13,"continuous",3,"Mixed linear and rule-based","RuleFit (max depth 2)",TRUE,"MSE",1.31791303755786,14.11,NA,86,86,0,1,85,0,0,0,0.0116279069767442,0.988372093023256,1,1.98837209302326
14,"continuous",3,"Mixed linear and rule-based","RuleFit (max depth 2)",TRUE,"MSE",1.47080919668334,14.19,NA,100,100,0,1,99,0,0,0,0.01,0.99,1,1.99
15,"continuous",3,"Mixed linear and rule-based","RuleFit (max depth 2)",TRUE,"MSE",1.36459633798319,14.23,NA,118,118,0,2,116,0,0,0,0.0169491525423729,0.983050847457627,1,1.98305084745763
16,"continuous",3,"Mixed linear and rule-based","RuleFit (max depth 2)",TRUE,"MSE",1.21749116192869,14.46,NA,93,93,0,1,92,0,0,0,0.010752688172043,0.989247311827957,1,1.98924731182796
17,"continuous",3,"Mixed linear and rule-based","RuleFit (max depth 2)",TRUE,"MSE",1.15463786247179,13.81,NA,92,92,0,2,90,0,0,0,0.0217391304347826,0.978260869565217,1,1.97826086956522
18,"continuous",3,"Mixed linear and rule-based","RuleFit (max depth 2)",TRUE,"MSE",1.4136321547019,13.51,NA,86,86,0,0,86,0,0,0,0,1,1,2
19,"continuous",3,"Mixed linear and rule-based","RuleFit (max depth 2)",TRUE,"MSE",1.30408967740436,13.73,NA,95,95,0,0,95,0,0,0,0,1,1,2
20,"continuous",3,"Mixed linear and rule-based","RuleFit (max depth 2)",TRUE,"MSE",1.37350684799125,13.87,NA,101,101,0,3,98,0,0,0,0.0297029702970297,0.97029702970297,1,1.97029702970297
21,"continuous",3,"Mixed linear and rule-based","RuleFit (max depth 2)",TRUE,"MSE",1.18354667601789,14.14,NA,93,93,0,2,91,0,0,0,0.021505376344086,0.978494623655914,1,1.97849462365591
22,"continuous",3,"Mixed linear and rule-based","RuleFit (max depth 2)",TRUE,"MSE",1.36379033270158,14.08,NA,98,98,0,1,97,0,0,0,0.0102040816326531,0.989795918367347,1,1.98979591836735
23,"continuous",3,"Mixed linear and rule-based","RuleFit (max depth 2)",TRUE,"MSE",1.52546475611698,14.28,NA,87,87,0,0,87,0,0,0,0,1,1,2
24,"continuous",3,"Mixed linear and rule-based","RuleFit (max depth 2)",TRUE,"MSE",1.30387110114873,14.12,NA,116,116,0,6,110,0,0,0,0.0517241379310345,0.948275862068966,1,1.94827586206897
25,"continuous",3,"Mixed linear and rule-based","RuleFit (max depth 2)",TRUE,"MSE",1.15488516216237,13.75,NA,87,87,0,2,85,0,0,0,0.0229885057471264,0.977011494252874,1,1.97701149425287
26,"continuous",3,"Mixed linear and rule-based","RuleFit (max depth 2)",TRUE,"MSE",1.3239617326731,13.64,NA,98,98,0,3,95,0,0,0,0.0306122448979592,0.969387755102041,1,1.96938775510204
27,"continuous",3,"Mixed linear and rule-based","RuleFit (max depth 2)",TRUE,"MSE",1.29171280994837,14.15,NA,94,94,0,0,94,0,0,0,0,1,1,2
28,"continuous",3,"Mixed linear and rule-based","RuleFit (max depth 2)",TRUE,"MSE",1.31253460095764,14.04,NA,114,114,0,4,110,0,0,0,0.0350877192982456,0.964912280701754,1,1.96491228070175
29,"continuous",3,"Mixed linear and rule-based","RuleFit (max depth 2)",TRUE,"MSE",1.49840317972344,14.19,NA,86,86,0,1,85,0,0,0,0.0116279069767442,0.988372093023256,1,1.98837209302326
30,"continuous",3,"Mixed linear and rule-based","RuleFit (max depth 2)",TRUE,"MSE",1.38807210216622,14.02,NA,96,96,0,1,95,0,0,0,0.0104166666666667,0.989583333333333,1,1.98958333333333
31,"continuous",3,"Mixed linear and rule-based","RuleFit (max depth 2)",TRUE,"MSE",1.40446087934306,13.98,NA,82,82,0,0,82,0,0,0,0,1,1,2
32,"continuous",3,"Mixed linear and rule-based","RuleFit (max depth 2)",TRUE,"MSE",1.41473870843016,14.17,NA,79,79,0,0,79,0,0,0,0,1,1,2
33,"continuous",3,"Mixed linear and rule-based","RuleFit (max depth 2)",TRUE,"MSE",1.43575206335303,14.25,NA,101,101,0,0,101,0,0,0,0,1,1,2
34,"continuous",3,"Mixed linear and rule-based","RuleFit (max depth 2)",TRUE,"MSE",1.46516910658052,14.78,NA,103,103,0,0,103,0,0,0,0,1,1,2
35,"continuous",3,"Mixed linear and rule-based","RuleFit (max depth 2)",TRUE,"MSE",1.49705409544283,14.47,NA,96,96,0,0,96,0,0,0,0,1,1,2
36,"continuous",3,"Mixed linear and rule-based","RuleFit (max depth 2)",TRUE,"MSE",1.3455179922573,14.14,NA,92,92,0,1,91,0,0,0,0.0108695652173913,0.989130434782609,1,1.98913043478261
37,"continuous",3,"Mixed linear and rule-based","RuleFit (max depth 2)",TRUE,"MSE",1.34533067229149,14.13,NA,100,100,0,0,100,0,0,0,0,1,1,2
38,"continuous",3,"Mixed linear and rule-based","RuleFit (max depth 2)",TRUE,"MSE",1.31761010794092,14.37,NA,100,100,0,1,99,0,0,0,0.01,0.99,1,1.99
39,"continuous",3,"Mixed linear and rule-based","RuleFit (max depth 2)",TRUE,"MSE",1.33572031917144,14.14,NA,100,100,0,0,100,0,0,0,0,1,1,2
40,"continuous",3,"Mixed linear and rule-based","RuleFit (max depth 2)",TRUE,"MSE",1.31251852914311,13.75,NA,106,106,0,1,105,0,0,0,0.00943396226415094,0.990566037735849,1,1.99056603773585
41,"continuous",3,"Mixed linear and rule-based","RuleFit (max depth 2)",TRUE,"MSE",1.25820129594884,14.14,NA,98,98,0,0,98,0,0,0,0,1,1,2
42,"continuous",3,"Mixed linear and rule-based","RuleFit (max depth 2)",TRUE,"MSE",1.36765983471824,13.9,NA,87,87,0,0,87,0,0,0,0,1,1,2
43,"continuous",3,"Mixed linear and rule-based","RuleFit (max depth 2)",TRUE,"MSE",1.48135059743387,13.67,NA,95,95,0,0,95,0,0,0,0,1,1,2
44,"continuous",3,"Mixed linear and rule-based","RuleFit (max depth 2)",TRUE,"MSE",1.39457026784411,14,NA,93,93,0,1,92,0,0,0,0.010752688172043,0.989247311827957,1,1.98924731182796
45,"continuous",3,"Mixed linear and rule-based","RuleFit (max depth 2)",TRUE,"MSE",1.42099468852153,13.75,NA,85,85,0,0,85,0,0,0,0,1,1,2
46,"continuous",3,"Mixed linear and rule-based","RuleFit (max depth 2)",TRUE,"MSE",1.35281229276088,13.73,NA,79,79,0,0,79,0,0,0,0,1,1,2
47,"continuous",3,"Mixed linear and rule-based","RuleFit (max depth 2)",TRUE,"MSE",1.47086801090691,13.41,NA,79,79,0,0,79,0,0,0,0,1,1,2
48,"continuous",3,"Mixed linear and rule-based","RuleFit (max depth 2)",TRUE,"MSE",1.31356304273189,14.14,NA,100,100,0,2,98,0,0,0,0.02,0.98,1,1.98
49,"continuous",3,"Mixed linear and rule-based","RuleFit (max depth 2)",TRUE,"MSE",1.21183160857555,13.91,NA,111,111,0,2,109,0,0,0,0.018018018018018,0.981981981981982,1,1.98198198198198
50,"continuous",3,"Mixed linear and rule-based","RuleFit (max depth 2)",TRUE,"MSE",1.44168082118045,14.1,NA,108,108,0,1,107,0,0,0,0.00925925925925926,0.990740740740741,1,1.99074074074074
51,"continuous",3,"Mixed linear and rule-based","RuleFit (max depth 2)",TRUE,"MSE",1.31195984489869,13.77,NA,96,96,0,1,95,0,0,0,0.0104166666666667,0.989583333333333,1,1.98958333333333
52,"continuous",3,"Mixed linear and rule-based","RuleFit (max depth 2)",TRUE,"MSE",1.21760234698548,13.22,NA,86,86,0,0,86,0,0,0,0,1,1,2
53,"continuous",3,"Mixed linear and rule-based","RuleFit (max depth 2)",TRUE,"MSE",1.35771693669247,13.24,NA,95,95,0,2,93,0,0,0,0.0210526315789474,0.978947368421053,1,1.97894736842105
54,"continuous",3,"Mixed linear and rule-based","RuleFit (max depth 2)",TRUE,"MSE",1.27899651946437,13.31,NA,129,129,0,2,127,0,0,0,0.0155038759689922,0.984496124031008,1,1.98449612403101
55,"continuous",3,"Mixed linear and rule-based","RuleFit (max depth 2)",TRUE,"MSE",1.40347286056001,13.37,NA,94,94,0,1,93,0,0,0,0.0106382978723404,0.98936170212766,1,1.98936170212766
56,"continuous",3,"Mixed linear and rule-based","RuleFit (max depth 2)",TRUE,"MSE",1.54263393266641,13.24,NA,84,84,0,0,84,0,0,0,0,1,1,2
57,"continuous",3,"Mixed linear and rule-based","RuleFit (max depth 2)",TRUE,"MSE",1.52081140748093,13.81,NA,77,77,0,0,77,0,0,0,0,1,1,2
58,"continuous",3,"Mixed linear and rule-based","RuleFit (max depth 2)",TRUE,"MSE",1.35034015426281,13.36,NA,87,87,0,1,86,0,0,0,0.0114942528735632,0.988505747126437,1,1.98850574712644
59,"continuous",3,"Mixed linear and rule-based","RuleFit (max depth 2)",TRUE,"MSE",1.48198605337532,14.09,NA,115,115,0,0,115,0,0,0,0,1,1,2
60,"continuous",3,"Mixed linear and rule-based","RuleFit (max depth 2)",TRUE,"MSE",1.23304340078853,13.64,NA,92,92,0,0,92,0,0,0,0,1,1,2
61,"continuous",3,"Mixed linear and rule-based","RuleFit (max depth 2)",TRUE,"MSE",1.30000918253569,12.83,NA,94,94,0,4,90,0,0,0,0.0425531914893617,0.957446808510638,1,1.95744680851064
62,"continuous",3,"Mixed linear and rule-based","RuleFit (max depth 2)",TRUE,"MSE",1.23228759403444,13.53,NA,99,99,0,1,98,0,0,0,0.0101010101010101,0.98989898989899,1,1.98989898989899
63,"continuous",3,"Mixed linear and rule-based","RuleFit (max depth 2)",TRUE,"MSE",1.29772348212832,13.37,NA,112,112,0,0,112,0,0,0,0,1,1,2
64,"continuous",3,"Mixed linear and rule-based","RuleFit (max depth 2)",TRUE,"MSE",1.15319494756487,13.97,NA,92,92,0,1,91,0,0,0,0.0108695652173913,0.989130434782609,1,1.98913043478261
65,"continuous",3,"Mixed linear and rule-based","RuleFit (max depth 2)",TRUE,"MSE",1.30283608840817,13.32,NA,98,98,0,1,97,0,0,0,0.0102040816326531,0.989795918367347,1,1.98979591836735
66,"continuous",3,"Mixed linear and rule-based","RuleFit (max depth 2)",TRUE,"MSE",1.23492244720495,13.83,NA,105,105,0,0,105,0,0,0,0,1,1,2
67,"continuous",3,"Mixed linear and rule-based","RuleFit (max depth 2)",TRUE,"MSE",1.37910829211894,13.41,NA,85,85,0,2,83,0,0,0,0.0235294117647059,0.976470588235294,1,1.97647058823529
68,"continuous",3,"Mixed linear and rule-based","RuleFit (max depth 2)",TRUE,"MSE",1.27571698794016,13.82,NA,110,110,0,1,109,0,0,0,0.00909090909090909,0.990909090909091,1,1.99090909090909
69,"continuous",3,"Mixed linear and rule-based","RuleFit (max depth 2)",TRUE,"MSE",1.32938035530145,13.89,NA,101,101,0,2,99,0,0,0,0.0198019801980198,0.98019801980198,1,1.98019801980198
70,"continuous",3,"Mixed linear and rule-based","RuleFit (max depth 2)",TRUE,"MSE",1.40048653701451,13.71,NA,94,94,0,0,94,0,0,0,0,1,1,2
71,"continuous",3,"Mixed linear and rule-based","RuleFit (max depth 2)",TRUE,"MSE",1.19151678462965,13.61,NA,99,99,0,0,99,0,0,0,0,1,1,2
72,"continuous",3,"Mixed linear and rule-based","RuleFit (max depth 2)",TRUE,"MSE",1.32828106261484,13.64,NA,90,90,0,0,90,0,0,0,0,1,1,2
73,"continuous",3,"Mixed linear and rule-based","RuleFit (max depth 2)",TRUE,"MSE",1.17627134064246,13.61,NA,107,107,0,0,107,0,0,0,0,1,1,2
74,"continuous",3,"Mixed linear and rule-based","RuleFit (max depth 2)",TRUE,"MSE",1.23972910275313,13.74,NA,95,95,0,0,95,0,0,0,0,1,1,2
75,"continuous",3,"Mixed linear and rule-based","RuleFit (max depth 2)",TRUE,"MSE",1.33722916071875,13.84,NA,103,103,0,2,101,0,0,0,0.0194174757281553,0.980582524271845,1,1.98058252427184
76,"continuous",3,"Mixed linear and rule-based","RuleFit (max depth 2)",TRUE,"MSE",1.50877847035993,13.41,NA,91,91,0,0,91,0,0,0,0,1,1,2
77,"continuous",3,"Mixed linear and rule-based","RuleFit (max depth 2)",TRUE,"MSE",1.28513529679001,13.97,NA,104,104,0,2,102,0,0,0,0.0192307692307692,0.980769230769231,1,1.98076923076923
78,"continuous",3,"Mixed linear and rule-based","RuleFit (max depth 2)",TRUE,"MSE",1.36671240183866,13.77,NA,98,98,0,1,97,0,0,0,0.0102040816326531,0.989795918367347,1,1.98979591836735
79,"continuous",3,"Mixed linear and rule-based","RuleFit (max depth 2)",TRUE,"MSE",1.21526140476594,13.86,NA,105,105,0,0,105,0,0,0,0,1,1,2
80,"continuous",3,"Mixed linear and rule-based","RuleFit (max depth 2)",TRUE,"MSE",1.44398803545822,13.46,NA,92,92,0,0,92,0,0,0,0,1,1,2
81,"continuous",3,"Mixed linear and rule-based","RuleFit (max depth 2)",TRUE,"MSE",1.09967027356282,13.93,NA,124,124,0,3,121,0,0,0,0.0241935483870968,0.975806451612903,1,1.9758064516129
82,"continuous",3,"Mixed linear and rule-based","RuleFit (max depth 2)",TRUE,"MSE",1.4807637955253,13.33,NA,93,93,0,0,93,0,0,0,0,1,1,2
83,"continuous",3,"Mixed linear and rule-based","RuleFit (max depth 2)",TRUE,"MSE",1.33200515016267,13.94,NA,107,107,0,0,107,0,0,0,0,1,1,2
84,"continuous",3,"Mixed linear and rule-based","RuleFit (max depth 2)",TRUE,"MSE",1.30793481463162,13.11,NA,99,99,0,0,99,0,0,0,0,1,1,2
85,"continuous",3,"Mixed linear and rule-based","RuleFit (max depth 2)",TRUE,"MSE",1.39817745826933,13.58,NA,95,95,0,3,92,0,0,0,0.0315789473684211,0.968421052631579,1,1.96842105263158
86,"continuous",3,"Mixed linear and rule-based","RuleFit (max depth 2)",TRUE,"MSE",1.42289795029742,13.47,NA,92,92,0,0,92,0,0,0,0,1,1,2
87,"continuous",3,"Mixed linear and rule-based","RuleFit (max depth 2)",TRUE,"MSE",1.29707137480715,13.3,NA,91,91,0,0,91,0,0,0,0,1,1,2
88,"continuous",3,"Mixed linear and rule-based","RuleFit (max depth 2)",TRUE,"MSE",1.50264180918681,13.97,NA,98,98,0,0,98,0,0,0,0,1,1,2
89,"continuous",3,"Mixed linear and rule-based","RuleFit (max depth 2)",TRUE,"MSE",1.35547578144547,13.25,NA,109,109,0,1,108,0,0,0,0.00917431192660551,0.990825688073395,1,1.99082568807339
90,"continuous",3,"Mixed linear and rule-based","RuleFit (max depth 2)",TRUE,"MSE",1.27507101992214,13.83,NA,121,121,0,4,117,0,0,0,0.0330578512396694,0.966942148760331,1,1.96694214876033
91,"continuous",3,"Mixed linear and rule-based","RuleFit (max depth 2)",TRUE,"MSE",1.41999813686267,13.75,NA,130,130,0,1,129,0,0,0,0.00769230769230769,0.992307692307692,1,1.99230769230769
92,"continuous",3,"Mixed linear and rule-based","RuleFit (max depth 2)",TRUE,"MSE",1.31597665847064,13.42,NA,104,104,0,2,102,0,0,0,0.0192307692307692,0.980769230769231,1,1.98076923076923
93,"continuous",3,"Mixed linear and rule-based","RuleFit (max depth 2)",TRUE,"MSE",1.49171037403339,13.56,NA,87,87,0,2,85,0,0,0,0.0229885057471264,0.977011494252874,1,1.97701149425287
94,"continuous",3,"Mixed linear and rule-based","RuleFit (max depth 2)",TRUE,"MSE",1.35739897655989,13.78,NA,86,86,0,0,86,0,0,0,0,1,1,2
95,"continuous",3,"Mixed linear and rule-based","RuleFit (max depth 2)",TRUE,"MSE",1.35956819772067,13.64,NA,105,105,0,3,102,0,0,0,0.0285714285714286,0.971428571428571,1,1.97142857142857
96,"continuous",3,"Mixed linear and rule-based","RuleFit (max depth 2)",TRUE,"MSE",1.30302261746239,13.15,NA,100,100,0,0,100,0,0,0,0,1,1,2
97,"continuous",3,"Mixed linear and rule-based","RuleFit (max depth 2)",TRUE,"MSE",1.34905484887054,12.66,NA,93,93,0,1,92,0,0,0,0.010752688172043,0.989247311827957,1,1.98924731182796
98,"continuous",3,"Mixed linear and rule-based","RuleFit (max depth 2)",TRUE,"MSE",1.55838390828803,12,NA,89,89,0,0,89,0,0,0,0,1,1,2
99,"continuous",3,"Mixed linear and rule-based","RuleFit (max depth 2)",TRUE,"MSE",1.4248457511633,10.85,NA,85,85,0,0,85,0,0,0,0,1,1,2
100,"continuous",3,"Mixed linear and rule-based","RuleFit (max depth 2)",TRUE,"MSE",1.5515962004828,9.09,NA,103,103,0,2,101,0,0,0,0.0194174757281553,0.980582524271845,1,1.98058252427184
1,"continuous",4,"Smooth nonlinear misspecified","RuleFit (max depth 2)",TRUE,"MSE",5.37840664281807,8.88,NA,12,12,0,5,7,0,0,0,0.416666666666667,0.583333333333333,1,1.58333333333333
2,"continuous",4,"Smooth nonlinear misspecified","RuleFit (max depth 2)",TRUE,"MSE",2.369004906239,9,NA,26,26,0,12,14,0,0,0,0.461538461538462,0.538461538461538,1,1.53846153846154
3,"continuous",4,"Smooth nonlinear misspecified","RuleFit (max depth 2)",TRUE,"MSE",4.11801081312073,8.75,NA,16,16,0,11,5,0,0,0,0.6875,0.3125,1,1.3125
4,"continuous",4,"Smooth nonlinear misspecified","RuleFit (max depth 2)",TRUE,"MSE",5.03859161385455,9.39,NA,18,18,0,6,12,0,0,0,0.333333333333333,0.666666666666667,1,1.66666666666667
5,"continuous",4,"Smooth nonlinear misspecified","RuleFit (max depth 2)",TRUE,"MSE",5.36114372443843,9.36,NA,10,10,0,5,5,0,0,0,0.5,0.5,1,1.5
6,"continuous",4,"Smooth nonlinear misspecified","RuleFit (max depth 2)",TRUE,"MSE",4.67288207148039,9.66,NA,22,22,0,4,18,0,0,0,0.181818181818182,0.818181818181818,1,1.81818181818182
7,"continuous",4,"Smooth nonlinear misspecified","RuleFit (max depth 2)",TRUE,"MSE",4.03451325517011,8.99,NA,26,26,0,11,15,0,0,0,0.423076923076923,0.576923076923077,1,1.57692307692308
8,"continuous",4,"Smooth nonlinear misspecified","RuleFit (max depth 2)",TRUE,"MSE",5.13264522352955,8.7,NA,12,12,0,1,11,0,0,0,0.0833333333333333,0.916666666666667,1,1.91666666666667
9,"continuous",4,"Smooth nonlinear misspecified","RuleFit (max depth 2)",TRUE,"MSE",4.94877524833254,8.66,NA,9,9,0,4,5,0,0,0,0.444444444444444,0.555555555555556,1,1.55555555555556
10,"continuous",4,"Smooth nonlinear misspecified","RuleFit (max depth 2)",TRUE,"MSE",4.54848838640902,9.04,NA,12,12,0,2,10,0,0,0,0.166666666666667,0.833333333333333,1,1.83333333333333
11,"continuous",4,"Smooth nonlinear misspecified","RuleFit (max depth 2)",TRUE,"MSE",3.19698494900434,9.34,NA,36,36,0,16,20,0,0,0,0.444444444444444,0.555555555555556,1,1.55555555555556
12,"continuous",4,"Smooth nonlinear misspecified","RuleFit (max depth 2)",TRUE,"MSE",3.61094112687058,8.53,NA,16,16,0,7,9,0,0,0,0.4375,0.5625,1,1.5625
13,"continuous",4,"Smooth nonlinear misspecified","RuleFit (max depth 2)",TRUE,"MSE",5.27972213528958,9.26,NA,18,18,0,1,17,0,0,0,0.0555555555555556,0.944444444444444,1,1.94444444444444
14,"continuous",4,"Smooth nonlinear misspecified","RuleFit (max depth 2)",TRUE,"MSE",5.04324562809577,9.58,NA,21,21,0,5,16,0,0,0,0.238095238095238,0.761904761904762,1,1.76190476190476
15,"continuous",4,"Smooth nonlinear misspecified","RuleFit (max depth 2)",TRUE,"MSE",3.98896153979759,9.04,NA,27,27,0,14,13,0,0,0,0.518518518518518,0.481481481481481,1,1.48148148148148
16,"continuous",4,"Smooth nonlinear misspecified","RuleFit (max depth 2)",TRUE,"MSE",2.3185806302767,10.06,NA,40,40,0,23,17,0,0,0,0.575,0.425,1,1.425
17,"continuous",4,"Smooth nonlinear misspecified","RuleFit (max depth 2)",TRUE,"MSE",3.6188817901591,9.52999999999999,NA,31,31,0,15,16,0,0,0,0.483870967741935,0.516129032258065,1,1.51612903225806
18,"continuous",4,"Smooth nonlinear misspecified","RuleFit (max depth 2)",TRUE,"MSE",4.76791862505239,8.83,NA,15,15,0,11,4,0,0,0,0.733333333333333,0.266666666666667,1,1.26666666666667
19,"continuous",4,"Smooth nonlinear misspecified","RuleFit (max depth 2)",TRUE,"MSE",2.71905680911513,10.04,NA,41,41,0,22,19,0,0,0,0.536585365853659,0.463414634146341,1,1.46341463414634
20,"continuous",4,"Smooth nonlinear misspecified","RuleFit (max depth 2)",TRUE,"MSE",4.14939859234388,8.85,NA,19,19,0,6,13,0,0,0,0.315789473684211,0.684210526315789,1,1.68421052631579
21,"continuous",4,"Smooth nonlinear misspecified","RuleFit (max depth 2)",TRUE,"MSE",3.79261910583862,9.2,NA,13,13,0,2,11,0,0,0,0.153846153846154,0.846153846153846,1,1.84615384615385
22,"continuous",4,"Smooth nonlinear misspecified","RuleFit (max depth 2)",TRUE,"MSE",4.41250393554696,9.24,NA,19,19,0,9,10,0,0,0,0.473684210526316,0.526315789473684,1,1.52631578947368
23,"continuous",4,"Smooth nonlinear misspecified","RuleFit (max depth 2)",TRUE,"MSE",3.81404617629371,9,NA,17,17,0,12,5,0,0,0,0.705882352941177,0.294117647058824,1,1.29411764705882
24,"continuous",4,"Smooth nonlinear misspecified","RuleFit (max depth 2)",TRUE,"MSE",4.4120446261348,9.25999999999999,NA,17,17,0,8,9,0,0,0,0.470588235294118,0.529411764705882,1,1.52941176470588
25,"continuous",4,"Smooth nonlinear misspecified","RuleFit (max depth 2)",TRUE,"MSE",5.13672834107636,9.1,NA,4,4,0,1,3,0,0,0,0.25,0.75,1,1.75
26,"continuous",4,"Smooth nonlinear misspecified","RuleFit (max depth 2)",TRUE,"MSE",3.937890829138,9.14000000000001,NA,18,18,0,8,10,0,0,0,0.444444444444444,0.555555555555556,1,1.55555555555556
27,"continuous",4,"Smooth nonlinear misspecified","RuleFit (max depth 2)",TRUE,"MSE",3.76600120976718,9.06,NA,34,34,0,13,21,0,0,0,0.382352941176471,0.617647058823529,1,1.61764705882353
28,"continuous",4,"Smooth nonlinear misspecified","RuleFit (max depth 2)",TRUE,"MSE",4.47268425921568,9.13,NA,16,16,0,6,10,0,0,0,0.375,0.625,1,1.625
29,"continuous",4,"Smooth nonlinear misspecified","RuleFit (max depth 2)",TRUE,"MSE",5.13490079797611,9.16000000000001,NA,16,16,0,5,11,0,0,0,0.3125,0.6875,1,1.6875
30,"continuous",4,"Smooth nonlinear misspecified","RuleFit (max depth 2)",TRUE,"MSE",5.09739320076755,8.70999999999999,NA,10,10,0,5,5,0,0,0,0.5,0.5,1,1.5
31,"continuous",4,"Smooth nonlinear misspecified","RuleFit (max depth 2)",TRUE,"MSE",4.1649130795056,9.07000000000001,NA,15,15,0,8,7,0,0,0,0.533333333333333,0.466666666666667,1,1.46666666666667
32,"continuous",4,"Smooth nonlinear misspecified","RuleFit (max depth 2)",TRUE,"MSE",5.15629915666209,9.35000000000001,NA,12,12,0,5,7,0,0,0,0.416666666666667,0.583333333333333,1,1.58333333333333
33,"continuous",4,"Smooth nonlinear misspecified","RuleFit (max depth 2)",TRUE,"MSE",4.67886508064075,9.08,NA,30,30,0,11,19,0,0,0,0.366666666666667,0.633333333333333,1,1.63333333333333
34,"continuous",4,"Smooth nonlinear misspecified","RuleFit (max depth 2)",TRUE,"MSE",4.90836781835778,9.89,NA,22,22,0,8,14,0,0,0,0.363636363636364,0.636363636363636,1,1.63636363636364
35,"continuous",4,"Smooth nonlinear misspecified","RuleFit (max depth 2)",TRUE,"MSE",5.33316419090536,10,NA,8,8,0,1,7,0,0,0,0.125,0.875,1,1.875
36,"continuous",4,"Smooth nonlinear misspecified","RuleFit (max depth 2)",TRUE,"MSE",3.97260531881144,9.34,NA,13,13,0,7,6,0,0,0,0.538461538461538,0.461538461538462,1,1.46153846153846
37,"continuous",4,"Smooth nonlinear misspecified","RuleFit (max depth 2)",TRUE,"MSE",4.32889282288148,8.81,NA,18,18,0,7,11,0,0,0,0.388888888888889,0.611111111111111,1,1.61111111111111
38,"continuous",4,"Smooth nonlinear misspecified","RuleFit (max depth 2)",TRUE,"MSE",5.25572699317658,9.52,NA,14,14,0,5,9,0,0,0,0.357142857142857,0.642857142857143,1,1.64285714285714
39,"continuous",4,"Smooth nonlinear misspecified","RuleFit (max depth 2)",TRUE,"MSE",3.25812426770454,9.70999999999999,NA,33,33,0,19,14,0,0,0,0.575757575757576,0.424242424242424,1,1.42424242424242
40,"continuous",4,"Smooth nonlinear misspecified","RuleFit (max depth 2)",TRUE,"MSE",3.25612933637614,9.90000000000001,NA,30,30,0,13,17,0,0,0,0.433333333333333,0.566666666666667,1,1.56666666666667
41,"continuous",4,"Smooth nonlinear misspecified","RuleFit (max depth 2)",TRUE,"MSE",2.9675149116384,8.76000000000001,NA,15,15,0,6,9,0,0,0,0.4,0.6,1,1.6
42,"continuous",4,"Smooth nonlinear misspecified","RuleFit (max depth 2)",TRUE,"MSE",4.72395580256227,9.17,NA,21,21,0,14,7,0,0,0,0.666666666666667,0.333333333333333,1,1.33333333333333
43,"continuous",4,"Smooth nonlinear misspecified","RuleFit (max depth 2)",TRUE,"MSE",5.90824643601624,9.26000000000001,NA,14,14,0,5,9,0,0,0,0.357142857142857,0.642857142857143,1,1.64285714285714
44,"continuous",4,"Smooth nonlinear misspecified","RuleFit (max depth 2)",TRUE,"MSE",4.66041663386677,8.67,NA,17,17,0,9,8,0,0,0,0.529411764705882,0.470588235294118,1,1.47058823529412
45,"continuous",4,"Smooth nonlinear misspecified","RuleFit (max depth 2)",TRUE,"MSE",5.00916431490488,8.94,NA,11,11,0,6,5,0,0,0,0.545454545454545,0.454545454545455,1,1.45454545454545
46,"continuous",4,"Smooth nonlinear misspecified","RuleFit (max depth 2)",TRUE,"MSE",5.07678454759437,9.12,NA,13,13,0,3,10,0,0,0,0.230769230769231,0.769230769230769,1,1.76923076923077
47,"continuous",4,"Smooth nonlinear misspecified","RuleFit (max depth 2)",TRUE,"MSE",4.8423460923749,8.5,NA,14,14,0,3,11,0,0,0,0.214285714285714,0.785714285714286,1,1.78571428571429
48,"continuous",4,"Smooth nonlinear misspecified","RuleFit (max depth 2)",TRUE,"MSE",3.00223766537765,9.24000000000001,NA,30,30,0,17,13,0,0,0,0.566666666666667,0.433333333333333,1,1.43333333333333
49,"continuous",4,"Smooth nonlinear misspecified","RuleFit (max depth 2)",TRUE,"MSE",3.90794434750911,8.92999999999999,NA,11,11,0,4,7,0,0,0,0.363636363636364,0.636363636363636,1,1.63636363636364
50,"continuous",4,"Smooth nonlinear misspecified","RuleFit (max depth 2)",TRUE,"MSE",4.05332638626701,9.45,NA,38,38,0,23,15,0,0,0,0.605263157894737,0.394736842105263,1,1.39473684210526
51,"continuous",4,"Smooth nonlinear misspecified","RuleFit (max depth 2)",TRUE,"MSE",4.74909191667779,8.85999999999999,NA,27,27,0,12,15,0,0,0,0.444444444444444,0.555555555555556,1,1.55555555555556
52,"continuous",4,"Smooth nonlinear misspecified","RuleFit (max depth 2)",TRUE,"MSE",4.36483498927037,7.96999999999998,NA,13,13,0,6,7,0,0,0,0.461538461538462,0.538461538461538,1,1.53846153846154
53,"continuous",4,"Smooth nonlinear misspecified","RuleFit (max depth 2)",TRUE,"MSE",3.98050279303183,9.09,NA,26,26,0,16,10,0,0,0,0.615384615384615,0.384615384615385,1,1.38461538461538
54,"continuous",4,"Smooth nonlinear misspecified","RuleFit (max depth 2)",TRUE,"MSE",4.27150720676526,8.87,NA,13,13,0,7,6,0,0,0,0.538461538461538,0.461538461538462,1,1.46153846153846
55,"continuous",4,"Smooth nonlinear misspecified","RuleFit (max depth 2)",TRUE,"MSE",5.26105459984919,8.16,NA,8,8,0,4,4,0,0,0,0.5,0.5,1,1.5
56,"continuous",4,"Smooth nonlinear misspecified","RuleFit (max depth 2)",TRUE,"MSE",2.75612980954081,8.84,NA,32,32,0,8,24,0,0,0,0.25,0.75,1,1.75
57,"continuous",4,"Smooth nonlinear misspecified","RuleFit (max depth 2)",TRUE,"MSE",4.13887349716844,8.32999999999998,NA,19,19,0,14,5,0,0,0,0.736842105263158,0.263157894736842,1,1.26315789473684
58,"continuous",4,"Smooth nonlinear misspecified","RuleFit (max depth 2)",TRUE,"MSE",4.35764817732115,9.41999999999999,NA,32,32,0,9,23,0,0,0,0.28125,0.71875,1,1.71875
59,"continuous",4,"Smooth nonlinear misspecified","RuleFit (max depth 2)",TRUE,"MSE",4.06314052909825,8.61999999999998,NA,21,21,0,12,9,0,0,0,0.571428571428571,0.428571428571429,1,1.42857142857143
60,"continuous",4,"Smooth nonlinear misspecified","RuleFit (max depth 2)",TRUE,"MSE",3.80160627912912,9.23000000000002,NA,14,14,0,6,8,0,0,0,0.428571428571429,0.571428571428571,1,1.57142857142857
61,"continuous",4,"Smooth nonlinear misspecified","RuleFit (max depth 2)",TRUE,"MSE",4.34602155271867,8.46000000000001,NA,19,19,0,9,10,0,0,0,0.473684210526316,0.526315789473684,1,1.52631578947368
62,"continuous",4,"Smooth nonlinear misspecified","RuleFit (max depth 2)",TRUE,"MSE",5.01387568883055,8.02000000000001,NA,12,12,0,1,11,0,0,0,0.0833333333333333,0.916666666666667,1,1.91666666666667
63,"continuous",4,"Smooth nonlinear misspecified","RuleFit (max depth 2)",TRUE,"MSE",3.18032065735438,8.71000000000001,NA,27,27,0,16,11,0,0,0,0.592592592592593,0.407407407407407,1,1.40740740740741
64,"continuous",4,"Smooth nonlinear misspecified","RuleFit (max depth 2)",TRUE,"MSE",2.73586735943287,9.04999999999998,NA,37,37,0,12,25,0,0,0,0.324324324324324,0.675675675675676,1,1.67567567567568
65,"continuous",4,"Smooth nonlinear misspecified","RuleFit (max depth 2)",TRUE,"MSE",5.07150214271638,8.84999999999999,NA,12,12,0,4,8,0,0,0,0.333333333333333,0.666666666666667,1,1.66666666666667
66,"continuous",4,"Smooth nonlinear misspecified","RuleFit (max depth 2)",TRUE,"MSE",4.03016220310893,9.69,NA,34,34,0,11,23,0,0,0,0.323529411764706,0.676470588235294,1,1.67647058823529
67,"continuous",4,"Smooth nonlinear misspecified","RuleFit (max depth 2)",TRUE,"MSE",4.31209451571579,9.48000000000002,NA,27,27,0,6,21,0,0,0,0.222222222222222,0.777777777777778,1,1.77777777777778
68,"continuous",4,"Smooth nonlinear misspecified","RuleFit (max depth 2)",TRUE,"MSE",4.76568593933181,8.94,NA,16,16,0,5,11,0,0,0,0.3125,0.6875,1,1.6875
69,"continuous",4,"Smooth nonlinear misspecified","RuleFit (max depth 2)",TRUE,"MSE",4.93916383905923,9.69,NA,19,19,0,4,15,0,0,0,0.210526315789474,0.789473684210526,1,1.78947368421053
70,"continuous",4,"Smooth nonlinear misspecified","RuleFit (max depth 2)",TRUE,"MSE",5.54326135729045,9.61000000000001,NA,19,19,0,10,9,0,0,0,0.526315789473684,0.473684210526316,1,1.47368421052632
71,"continuous",4,"Smooth nonlinear misspecified","RuleFit (max depth 2)",TRUE,"MSE",4.92108831434264,9.76999999999998,NA,35,35,0,16,19,0,0,0,0.457142857142857,0.542857142857143,1,1.54285714285714
72,"continuous",4,"Smooth nonlinear misspecified","RuleFit (max depth 2)",TRUE,"MSE",2.41402430641522,8.96000000000001,NA,27,27,0,12,15,0,0,0,0.444444444444444,0.555555555555556,1,1.55555555555556
73,"continuous",4,"Smooth nonlinear misspecified","RuleFit (max depth 2)",TRUE,"MSE",4.69451483482009,9.22,NA,23,23,0,12,11,0,0,0,0.521739130434783,0.478260869565217,1,1.47826086956522
74,"continuous",4,"Smooth nonlinear misspecified","RuleFit (max depth 2)",TRUE,"MSE",5.11992702796375,8.5,NA,10,10,0,5,5,0,0,0,0.5,0.5,1,1.5
75,"continuous",4,"Smooth nonlinear misspecified","RuleFit (max depth 2)",TRUE,"MSE",3.6590371038867,8.77000000000001,NA,26,26,0,12,14,0,0,0,0.461538461538462,0.538461538461538,1,1.53846153846154
76,"continuous",4,"Smooth nonlinear misspecified","RuleFit (max depth 2)",TRUE,"MSE",4.6264847887443,8.36000000000001,NA,17,17,0,6,11,0,0,0,0.352941176470588,0.647058823529412,1,1.64705882352941
77,"continuous",4,"Smooth nonlinear misspecified","RuleFit (max depth 2)",TRUE,"MSE",3.13570400807227,9.44000000000003,NA,28,28,0,11,17,0,0,0,0.392857142857143,0.607142857142857,1,1.60714285714286
78,"continuous",4,"Smooth nonlinear misspecified","RuleFit (max depth 2)",TRUE,"MSE",4.11560159753349,9.31,NA,12,12,0,0,12,0,0,0,0,1,1,2
79,"continuous",4,"Smooth nonlinear misspecified","RuleFit (max depth 2)",TRUE,"MSE",4.7539220526186,8.63999999999999,NA,13,13,0,1,12,0,0,0,0.0769230769230769,0.923076923076923,1,1.92307692307692
80,"continuous",4,"Smooth nonlinear misspecified","RuleFit (max depth 2)",TRUE,"MSE",3.26716883332944,9.03999999999999,NA,39,39,0,8,31,0,0,0,0.205128205128205,0.794871794871795,1,1.79487179487179
81,"continuous",4,"Smooth nonlinear misspecified","RuleFit (max depth 2)",TRUE,"MSE",4.25015686471957,9.59,NA,33,33,0,11,22,0,0,0,0.333333333333333,0.666666666666667,1,1.66666666666667
82,"continuous",4,"Smooth nonlinear misspecified","RuleFit (max depth 2)",TRUE,"MSE",4.05771266761907,9.00999999999999,NA,20,20,0,7,13,0,0,0,0.35,0.65,1,1.65
83,"continuous",4,"Smooth nonlinear misspecified","RuleFit (max depth 2)",TRUE,"MSE",4.96395205288358,8.56,NA,10,10,0,5,5,0,0,0,0.5,0.5,1,1.5
84,"continuous",4,"Smooth nonlinear misspecified","RuleFit (max depth 2)",TRUE,"MSE",5.68123743297227,8.75,NA,12,12,0,4,8,0,0,0,0.333333333333333,0.666666666666667,1,1.66666666666667
85,"continuous",4,"Smooth nonlinear misspecified","RuleFit (max depth 2)",TRUE,"MSE",4.23711798742073,8.83000000000001,NA,36,36,0,16,20,0,0,0,0.444444444444444,0.555555555555556,1,1.55555555555556
86,"continuous",4,"Smooth nonlinear misspecified","RuleFit (max depth 2)",TRUE,"MSE",3.48673895939419,9.70999999999998,NA,26,26,0,10,16,0,0,0,0.384615384615385,0.615384615384615,1,1.61538461538462
87,"continuous",4,"Smooth nonlinear misspecified","RuleFit (max depth 2)",TRUE,"MSE",2.898612874028,8.76999999999998,NA,13,13,0,6,7,0,0,0,0.461538461538462,0.538461538461538,1,1.53846153846154
88,"continuous",4,"Smooth nonlinear misspecified","RuleFit (max depth 2)",TRUE,"MSE",4.13152388533767,8.55000000000001,NA,19,19,0,11,8,0,0,0,0.578947368421053,0.421052631578947,1,1.42105263157895
89,"continuous",4,"Smooth nonlinear misspecified","RuleFit (max depth 2)",TRUE,"MSE",6.15408969182566,8.29000000000002,NA,14,14,0,7,7,0,0,0,0.5,0.5,1,1.5
90,"continuous",4,"Smooth nonlinear misspecified","RuleFit (max depth 2)",TRUE,"MSE",3.79209338053844,9.28,NA,20,20,0,7,13,0,0,0,0.35,0.65,1,1.65
91,"continuous",4,"Smooth nonlinear misspecified","RuleFit (max depth 2)",TRUE,"MSE",4.19961486428637,8.31999999999999,NA,16,16,0,9,7,0,0,0,0.5625,0.4375,1,1.4375
92,"continuous",4,"Smooth nonlinear misspecified","RuleFit (max depth 2)",TRUE,"MSE",5.42663887772649,9.23000000000002,NA,14,14,0,4,10,0,0,0,0.285714285714286,0.714285714285714,1,1.71428571428571
93,"continuous",4,"Smooth nonlinear misspecified","RuleFit (max depth 2)",TRUE,"MSE",4.49026018420108,9.47999999999999,NA,34,34,0,16,18,0,0,0,0.470588235294118,0.529411764705882,1,1.52941176470588
94,"continuous",4,"Smooth nonlinear misspecified","RuleFit (max depth 2)",TRUE,"MSE",2.9560566771371,9.29999999999998,NA,25,25,0,8,17,0,0,0,0.32,0.68,1,1.68
95,"continuous",4,"Smooth nonlinear misspecified","RuleFit (max depth 2)",TRUE,"MSE",5.31032390250985,9.34999999999999,NA,9,9,0,0,9,0,0,0,0,1,1,2
96,"continuous",4,"Smooth nonlinear misspecified","RuleFit (max depth 2)",TRUE,"MSE",4.54421245913932,9.60999999999999,NA,18,18,0,8,10,0,0,0,0.444444444444444,0.555555555555556,1,1.55555555555556
97,"continuous",4,"Smooth nonlinear misspecified","RuleFit (max depth 2)",TRUE,"MSE",3.33353735344714,9.41,NA,33,33,0,16,17,0,0,0,0.484848484848485,0.515151515151515,1,1.51515151515152
98,"continuous",4,"Smooth nonlinear misspecified","RuleFit (max depth 2)",TRUE,"MSE",3.56755946860425,8.38999999999999,NA,27,27,0,9,18,0,0,0,0.333333333333333,0.666666666666667,1,1.66666666666667
99,"continuous",4,"Smooth nonlinear misspecified","RuleFit (max depth 2)",TRUE,"MSE",3.72153186917226,8.70000000000002,NA,29,29,0,6,23,0,0,0,0.206896551724138,0.793103448275862,1,1.79310344827586
100,"continuous",4,"Smooth nonlinear misspecified","RuleFit (max depth 2)",TRUE,"MSE",4.45021520233173,6.91,NA,20,20,0,6,14,0,0,0,0.3,0.7,1,1.7
